Protein Group;Accession;Top;Peptide;Unique;-10LgP;Mass;Length;ppm;m/z;z;RT;Scan;Source File;Area;#Feature;Start;End;PTM;AScore;Found By
35;HD-03714-RA;true;IATAPESTK;true;93.44;916.4865;9;2.0;459.24997;2;18.5773;3655;Lyupina_140_20260131_YL-4.raw;4.3E4;6;64;72;;;DB Search
960;HD-15702-RA;true;IISEAR;true;43.48;687.3915;6;2.4;344.70273;2;22.8942;5110;Lyupina_140_20260131_YL-4.raw;2.03E4;1;396;401;;;DB Search
637;HD-11892-RA;false;TVEDIK;true;30.85;703.3752;6;2.3;352.69455;2;25.7442;6015;Lyupina_140_20260131_YL-4.raw;5.43E5;2;303;308;;;DB Search
218;HD-03993-RA;true;S(+42.01)INSPTHQLK;true;32.55;1165.6091;10;-4.2;583.80750;2;45.1606;13878;Lyupina_140_20260131_YL-4.raw;;0;820;829;Acetylation (N-term);S1:Acetylation (N-term):1000.00;DB Search
792;HD-19606-RA;true;VIDLAR;true;43.51;685.4122;6;3.9;343.71362;2;36.8980;10709;Lyupina_140_20260131_YL-4.raw;1.33E3;1;223;228;;;DB Search
870;HD-20438-RA;true;ISGLEK;true;33.09;645.3697;6;3.2;323.69211;2;26.0988;6148;Lyupina_140_20260131_YL-4.raw;4.22E4;1;802;807;;;DB Search
270;HD-10644-RA;true;VGVTAGYR;true;98.59;821.4395;8;2.1;411.72656;2;26.7855;6451;Lyupina_140_20260131_YL-4.raw;1.03E4;3;34;41;;;DB Search
4;HD-10022-RA;true;G(+42.01)DEDVAALVVDNGSGMC(+57.02)K(+14.02);true;30.98;1891.8291;18;-3.3;946.91565;2;57.0951;17448;Lyupina_140_20260131_YL-4.raw;2.15E4;2;2;19;Acetylation (N-term):Carbamidomethylation:Methylation(KR);G1:Acetylation (N-term):1000.00:C17:Methylation(KR):1000.00;PEAKS PTM
4;HD-10022-RA;true;C(+57.02)DVDIRK;false;81.62;904.4436;7;1.6;453.22833;2;20.2180;4225;Lyupina_140_20260131_YL-4.raw;1.05E4;9;286;292;Carbamidomethylation;;DB Search
4;HD-10022-RA;true;RGILTLK;false;64.24;799.5279;7;4.1;400.77158;2;34.1608;9455;Lyupina_140_20260131_YL-4.raw;1.4E5;4;63;69;;;DB Search
495;HD-07923-RA;false;VLVAER;true;45.62;685.4122;6;1.5;343.71280;2;24.4606;5599;Lyupina_140_20260131_YL-4.raw;3.49E4;1;726;731;;;DB Search
819;HD-17482-RA;true;LQMEFMN(+0.98)R;true;42.28;1068.4732;8;1.4;535.24292;2;48.0400;14700;Lyupina_140_20260131_YL-4.raw;3.35E4;1;599;606;Deamidation (NQ);N7:Deamidation (NQ):45.16;DB Search
951;HD-11712-RA;true;DAATIGEAVETLK;true;85.44;1316.6823;13;-0.4;659.34601;2;50.1452;15387;Lyupina_140_20260131_YL-4.raw;1.35E4;1;77;89;;;DB Search
68;HD-26580-RA;false;DFYEFR;false;95.20;875.3813;6;2.2;438.69748;2;46.5185;14280;Lyupina_140_20260131_YL-4.raw;1.1E4;3;319;324;;;DB Search
68;HD-26580-RA;false;NDDELR;false;86.17;760.3351;6;2.4;381.17450;2;18.2604;3562;Lyupina_140_20260131_YL-4.raw;2.11E4;5;748;753;;;DB Search
694;HD-08281-RA;true;LSGLVK;true;32.08;615.3955;6;3.6;308.70514;2;18.1527;3552;Lyupina_140_20260131_YL-4.raw;8E3;1;724;729;;;DB Search
272;HD-23639-RA;true;QLGGGYYVYPGASHNR;true;93.90;1737.8223;16;7.1;580.28357;3;39.0836;11571;Lyupina_140_20260131_YL-4.raw;6.02E3;1;64;79;;;DB Search
272;HD-23639-RA;true;YIGETSPIVLAR;true;91.01;1317.7292;12;-2.4;659.86816;2;47.8851;14686;Lyupina_140_20260131_YL-4.raw;1.72E4;2;376;387;;;DB Search
272;HD-23639-RA;true;LDDSILDIIK;false;94.47;1143.6387;10;-0.5;572.82446;2;62.5920;18833;Lyupina_140_20260131_YL-4.raw;4.85E4;2;342;351;;;DB Search
537;HD-12949-RA;true;N(+42.01)(+0.98)HNLATVQLKK;true;45.98;1307.7197;11;-6.6;436.90955;3;39.0991;11594;Lyupina_140_20260131_YL-4.raw;;0;670;680;Acetylation (N-term):Deamidation (NQ);N1:Acetylation (N-term):0.00:)1:Deamidation (NQ):0.00;DB Search
62;HD-17598-RA;false;SEDELIK;true;79.05;832.4178;7;2.4;417.21579;2;29.2567;7369;Lyupina_140_20260131_YL-4.raw;3.3E4;5;141;147;;;DB Search
727;HD-11482-RA;true;GGGPVR;true;43.24;541.2972;6;0.8;271.65521;2;19.2748;3907;Lyupina_140_20260131_YL-4.raw;;0;972;977;;;DB Search
548;HD-17190-RA;true;VPVGSIPR;true;41.96;823.4916;8;3.0;412.75296;2;35.7544;10153;Lyupina_140_20260131_YL-4.raw;7.65E6;2;243;250;;;DB Search
48;HD-13216-RA;true;AVVLIK;true;67.70;641.4476;6;6.1;321.73196;2;34.8813;9796;Lyupina_140_20260131_YL-4.raw;1.11E4;1;6262;6267;;;DB Search
48;HD-13216-RA;true;LIITIPESSR;true;93.70;1127.6550;10;-0.5;564.83264;2;48.3477;14842;Lyupina_140_20260131_YL-4.raw;6.64E3;2;6014;6023;;;DB Search
48;HD-13216-RA;true;LM(+15.99)ISGSDQGNK;true;40.35;1164.5445;11;-0.1;583.27753;2;24.3928;5607;Lyupina_140_20260131_YL-4.raw;1.32E4;1;3930;3940;Oxidation (M);M2:Oxidation (M):1000.00;DB Search
48;HD-13216-RA;true;VM(+15.99)ITGSDLPDK;true;95.20;1190.5853;11;1.9;596.29907;2;35.5059;10060;Lyupina_140_20260131_YL-4.raw;;1;2680;2690;Oxidation (M);M2:Oxidation (M):1000.00;DB Search
48;HD-13216-RA;true;VM(+15.99)ITGSNQPLK;true;85.35;1202.6329;11;1.5;602.32263;2;31.4930;8349;Lyupina_140_20260131_YL-4.raw;1.72E4;2;3702;3712;Oxidation (M);M2:Oxidation (M):1000.00;DB Search
48;HD-13216-RA;true;VMITGSNQPLK;true;96.69;1186.6380;11;2.1;594.32556;2;34.6209;9678;Lyupina_140_20260131_YL-4.raw;;1;3702;3712;;;DB Search
48;HD-13216-RA;true;DFYEFR;false;95.20;875.3813;6;2.2;438.69748;2;46.5185;14280;Lyupina_140_20260131_YL-4.raw;1.1E4;3;304;309;;;DB Search
48;HD-13216-RA;true;LGSPDR;false;44.69;643.3289;6;3.4;322.67178;2;16.0390;2889;Lyupina_140_20260131_YL-4.raw;3.94E3;1;5777;5782;;;DB Search
48;HD-13216-RA;true;M(+15.99)C(+57.02)FVIVR;false;97.46;939.4670;7;0.5;470.73950;2;42.2532;12867;Lyupina_140_20260131_YL-4.raw;6.62E3;2;3948;3954;Oxidation (M):Carbamidomethylation;M1:Oxidation (M):1000.00;DB Search
48;HD-13216-RA;true;NDDELR;false;86.17;760.3351;6;2.4;381.17450;2;18.2604;3562;Lyupina_140_20260131_YL-4.raw;2.11E4;5;735;740;;;DB Search
48;HD-13216-RA;true;VVIAEPR;false;95.25;782.4650;7;2.3;392.23941;2;29.5527;7500;Lyupina_140_20260131_YL-4.raw;8.69E4;3;4623;4629;;;DB Search
748;HD-12136-RA;true;GLATIR;true;60.58;629.3860;6;2.4;315.70001;2;21.6589;4620;Lyupina_140_20260131_YL-4.raw;2.69E4;3;274;279;;;DB Search
26;HD-02854-RA;true;DILDKK;true;35.48;730.4225;6;2.2;366.21811;2;21.7604;4689;Lyupina_140_20260131_YL-4.raw;9.63E3;1;575;580;;;DB Search
26;HD-02854-RA;true;FENLC(+57.02)K;true;46.25;809.3742;6;3.1;405.69427;2;27.3782;6652;Lyupina_140_20260131_YL-4.raw;1.12E4;2;566;571;Carbamidomethylation;;DB Search
26;HD-02854-RA;true;HMEELK;true;78.05;785.3742;6;3.6;393.69449;2;18.1899;3536;Lyupina_140_20260131_YL-4.raw;1.94E4;6;558;563;;;DB Search
26;HD-02854-RA;true;SAFVER;true;92.86;707.3602;6;1.8;354.68686;2;24.0026;5456;Lyupina_140_20260131_YL-4.raw;5.52E4;6;503;508;;;DB Search
26;HD-02854-RA;true;TLTSVTK;true;95.81;748.4331;7;1.6;375.22318;2;21.6768;4625;Lyupina_140_20260131_YL-4.raw;8.22E4;6;538;544;;;DB Search
25;HD-13306-RA;true;SLGGGTGSGMGTLLISK;true;97.50;1534.8025;17;-3.6;768.40326;2;49.7484;15256;Lyupina_140_20260131_YL-4.raw;2.18E4;2;138;154;;;DB Search
25;HD-13306-RA;true;VSDTVVEPY;true;33.72;1007.4811;9;0.4;504.74640;2;41.7587;12653;Lyupina_140_20260131_YL-4.raw;1.2E4;1;175;183;;;DB Search
220;HD-17545-RA;true;LADSTER;true;69.81;790.3821;7;1.6;396.19766;2;15.2367;2672;Lyupina_140_20260131_YL-4.raw;8.38E3;2;13;19;;;DB Search
220;HD-17545-RA;true;DSTLILQLLR;false;96.20;1170.6972;10;-0.7;586.35358;2;67.6245;19902;Lyupina_140_20260131_YL-4.raw;7.47E3;2;219;228;;;DB Search
826;HD-03449-RA;true;VLLESR;true;40.49;715.4228;6;3.3;358.71869;2;27.6386;6751;Lyupina_140_20260131_YL-4.raw;1.72E4;1;822;827;;;DB Search
743;HD-17018-RA;true;YIDVFPLNK;true;40.48;1107.5964;9;1.4;554.80444;2;54.2881;16692;Lyupina_140_20260131_YL-4.raw;6.24E3;1;475;483;;;DB Search
504;HD-09837-RA;false;GILGGR;true;32.58;571.3442;6;2.0;286.67899;2;25.7522;6117;Lyupina_140_20260131_YL-4.raw;2.02E6;2;101;106;;;DB Search
431;HD-16706-RA;false;VPPLPR;true;58.87;677.4224;6;3.0;339.71838;2;31.3075;8235;Lyupina_140_20260131_YL-4.raw;5.11E4;2;346;351;;;DB Search
955;HD-14099-RA;true;AAILDHK;true;27.33;766.4337;7;2.2;256.48489;3;26.3160;6262;Lyupina_140_20260131_YL-4.raw;7.67E3;1;439;445;;;DB Search
221;HD-00596-RA;true;LIFAGK;false;86.44;647.4006;6;3.5;324.70767;2;36.4947;10494;Lyupina_140_20260131_YL-4.raw;2.89E5;7;43;48;;;DB Search
286;HD-21835-RA;false;LSIIGR;true;43.11;657.4173;6;3.8;329.71613;2;34.6543;9706;Lyupina_140_20260131_YL-4.raw;1.79E4;1;27;32;;;DB Search
422;HD-17305-RA;false;LTVLDR;false;28.40;715.4228;6;1.7;358.71814;2;20.3494;4248;Lyupina_140_20260131_YL-4.raw;2.25E3;1;130;135;;;DB Search
113;HD-11414-RA;false;ERITAK;false;32.30;716.4181;6;1.6;359.21570;2;26.6616;6412;Lyupina_140_20260131_YL-4.raw;8.01E3;1;533;538;;;DB Search
194;HD-08996-RA;true;S(+42.01)GGLDVLALK;true;82.67;1013.5757;10;-0.3;507.79330;2;59.3237;18137;Lyupina_140_20260131_YL-4.raw;4.54E4;4;85;94;Acetylation (N-term);S1:Acetylation (N-term):1000.00;DB Search
861;HD-12101-RA;true;SGAPVR;true;32.29;585.3234;6;3.6;293.66910;2;17.8363;3431;Lyupina_140_20260131_YL-4.raw;;0;641;646;;;DB Search
857;HD-22156-RA;true;KWSHFV;true;30.05;802.4126;6;1.2;402.21274;2;34.7354;9734;Lyupina_140_20260131_YL-4.raw;;0;312;317;;;DB Search
678;HD-04735-RA;false;IEDVTR;true;29.07;731.3813;6;1.2;366.69717;2;25.7522;6079;Lyupina_140_20260131_YL-4.raw;1.38E4;1;320;325;;;DB Search
48;HD-15657-RA;false;AVVILK;true;67.70;641.4476;6;6.1;321.73196;2;34.8813;9796;Lyupina_140_20260131_YL-4.raw;1.11E4;1;8;13;;;DB Search
708;HD-14724-RA;true;LGQIAK;true;34.70;628.3908;6;3.3;315.20267;2;18.4693;3632;Lyupina_140_20260131_YL-4.raw;3.12E4;1;122;127;;;DB Search
603;HD-19246-RA;false;IATALK;true;30.96;615.3955;6;1.3;308.70444;2;27.6837;6747;Lyupina_140_20260131_YL-4.raw;2.37E4;1;537;542;;;DB Search
97;HD-12482-RA;true;FTEISK;true;46.89;723.3803;6;2.3;362.69708;2;24.6053;5659;Lyupina_140_20260131_YL-4.raw;9.39E4;4;167;172;;;DB Search
97;HD-12482-RA;true;GWNVER;true;83.81;759.3664;6;2.1;380.69003;2;31.1363;8183;Lyupina_140_20260131_YL-4.raw;4.25E4;3;213;218;;;DB Search
147;HD-17836-RA;true;SPLTLK;true;48.70;657.4061;6;2.5;329.71008;2;23.7042;5397;Lyupina_140_20260131_YL-4.raw;;0;896;901;;;DB Search
147;HD-17836-RA;true;LIFAGK;false;86.44;647.4006;6;3.5;324.70767;2;36.4947;10494;Lyupina_140_20260131_YL-4.raw;2.89E5;7;1037;1042;;;DB Search
115;HD-01493-RA;true;LSAEEIDR;false;88.95;931.4610;8;2.3;466.73734;2;30.1084;7747;Lyupina_140_20260131_YL-4.raw;2.4E4;4;484;491;;;DB Search
113;HD-11410-RA;true;ERITAK;false;32.30;716.4181;6;1.6;359.21570;2;26.6616;6412;Lyupina_140_20260131_YL-4.raw;8.01E3;1;533;538;;;DB Search
731;HD-19025-RA;true;MALLGK;true;42.96;631.3727;6;1.5;316.69305;2;32.2833;8671;Lyupina_140_20260131_YL-4.raw;1.41E4;1;23;28;;;DB Search
761;HD-06458-RA;true;YIPGTK;true;58.27;677.3748;6;2.8;339.69452;2;22.6142;4995;Lyupina_140_20260131_YL-4.raw;2.01E4;5;351;356;;;DB Search
678;HD-04228-RA;true;LEDVTR;true;29.07;731.3813;6;1.2;366.69717;2;25.7522;6079;Lyupina_140_20260131_YL-4.raw;1.38E4;1;884;889;;;DB Search
286;HD-01994-RA;false;LSLLGR;true;43.11;657.4173;6;3.8;329.71613;2;34.6543;9706;Lyupina_140_20260131_YL-4.raw;1.79E4;1;115;120;;;DB Search
739;HD-23635-RA;true;EASSQLEYEALKR;true;30.82;1522.7627;13;2.9;508.59464;3;36.6112;10559;Lyupina_140_20260131_YL-4.raw;1.82E4;1;64;76;;;DB Search
229;HD-27577-RA;false;ELISLENR;true;57.60;972.5240;8;3.9;487.26959;2;38.8799;11550;Lyupina_140_20260131_YL-4.raw;4.38E6;2;191;198;;;DB Search
660;HD-01667-RA;true;LLISLR;false;67.99;713.4799;6;1.5;357.74661;2;46.5051;14253;Lyupina_140_20260131_YL-4.raw;8.43E4;3;537;542;;;DB Search
4;HD-28347-RA;false;C(+57.02)DVDIRK;false;81.62;904.4436;7;1.6;453.22833;2;20.2180;4225;Lyupina_140_20260131_YL-4.raw;1.05E4;9;286;292;Carbamidomethylation;;DB Search
4;HD-28347-RA;false;RGILTLK;false;64.24;799.5279;7;4.1;400.77158;2;34.1608;9455;Lyupina_140_20260131_YL-4.raw;1.4E5;4;63;69;;;DB Search
557;HD-14965-RA;true;SAFVTK;true;41.03;651.3592;6;2.6;326.68665;2;24.3928;5595;Lyupina_140_20260131_YL-4.raw;1.18E4;1;2228;2233;;;DB Search
406;HD-13545-RA;true;VPVGTVGMTR;true;27.46;1015.5484;10;1.7;508.78070;2;32.2866;8696;Lyupina_140_20260131_YL-4.raw;9.62E3;1;56;65;;;DB Search
81;HD-27232-RA;false;LENNLK;true;32.45;729.4021;6;3.2;365.70828;2;18.7489;3728;Lyupina_140_20260131_YL-4.raw;1.49E4;1;195;200;;;DB Search
55;HD-05431-RA;true;SEIFDALK;true;62.81;921.4807;8;0.6;461.74640;2;48.1021;14728;Lyupina_140_20260131_YL-4.raw;2.1E4;4;603;610;;;DB Search
847;HD-27386-RA;true;YLEFVR;true;41.75;825.4385;6;1.5;413.72577;2;43.5124;13307;Lyupina_140_20260131_YL-4.raw;1.23E4;1;108;113;;;DB Search
81;HD-28488-RA;false;LENNLK;true;32.45;729.4021;6;3.2;365.70828;2;18.7489;3728;Lyupina_140_20260131_YL-4.raw;1.49E4;1;35;40;;;DB Search
637;HD-25335-RA;false;TVEDLK;true;30.85;703.3752;6;2.3;352.69455;2;25.7442;6015;Lyupina_140_20260131_YL-4.raw;5.43E5;2;157;162;;;DB Search
62;HD-08109-RA;false;SEDELIK;true;79.05;832.4178;7;2.4;417.21579;2;29.2567;7369;Lyupina_140_20260131_YL-4.raw;3.3E4;5;530;536;;;DB Search
837;HD-12793-RA;true;LDSEIK;true;37.73;703.3752;6;2.0;352.69443;2;23.0049;5215;Lyupina_140_20260131_YL-4.raw;2.56E6;1;50;55;;;DB Search
731;HD-00155-RA;true;MALLGK;true;42.96;631.3727;6;1.5;316.69305;2;32.2833;8671;Lyupina_140_20260131_YL-4.raw;1.41E4;1;1;6;;;DB Search
861;HD-05968-RA;true;SGAPVR;true;32.29;585.3234;6;3.6;293.66910;2;17.8363;3431;Lyupina_140_20260131_YL-4.raw;;0;57;62;;;DB Search
708;HD-07932-RA;true;IGQLAK;true;34.70;628.3908;6;3.3;315.20267;2;18.4693;3632;Lyupina_140_20260131_YL-4.raw;3.12E4;1;446;451;;;DB Search
312;HD-16479-RA;true;DIQLAR;true;53.49;714.4024;6;2.9;358.20834;2;30.5641;7879;Lyupina_140_20260131_YL-4.raw;2.1E4;2;124;129;;;DB Search
312;HD-16479-RA;true;EIAQDFK;true;78.07;849.4232;7;3.6;425.71902;2;30.4279;7856;Lyupina_140_20260131_YL-4.raw;2.1E4;4;74;80;;;DB Search
312;HD-16479-RA;true;STELLIR;true;82.70;830.4861;7;2.4;416.24997;2;39.0836;11558;Lyupina_140_20260131_YL-4.raw;3.19E4;5;58;64;;;DB Search
312;HD-16479-RA;true;YRPGTVALR;true;92.56;1031.5876;9;2.3;344.86948;3;29.0677;7306;Lyupina_140_20260131_YL-4.raw;2.25E4;5;42;50;;;DB Search
694;HD-04104-RA;true;LSGLVK;true;32.08;615.3955;6;3.6;308.70514;2;18.1527;3552;Lyupina_140_20260131_YL-4.raw;8E3;1;91;96;;;DB Search
422;HD-23728-RA;false;LTVLDR;false;28.40;715.4228;6;1.7;358.71814;2;20.3494;4248;Lyupina_140_20260131_YL-4.raw;2.25E3;1;7;12;;;DB Search
4;HD-28348-RA;false;C(+57.02)DVDIRK;false;81.62;904.4436;7;1.6;453.22833;2;20.2180;4225;Lyupina_140_20260131_YL-4.raw;1.05E4;9;286;292;Carbamidomethylation;;DB Search
4;HD-28348-RA;false;RGILTLK;false;64.24;799.5279;7;4.1;400.77158;2;34.1608;9455;Lyupina_140_20260131_YL-4.raw;1.4E5;4;63;69;;;DB Search
128;HD-19993-RA;true;DSTLILQLLR;false;96.20;1170.6972;10;-0.7;586.35358;2;67.6245;19902;Lyupina_140_20260131_YL-4.raw;7.47E3;2;211;220;;;DB Search
504;HD-11385-RA;false;GLLGGR;true;32.58;571.3442;6;2.0;286.67899;2;25.7522;6117;Lyupina_140_20260131_YL-4.raw;2.02E6;2;787;792;;;DB Search
637;HD-02369-RA;false;TVEDLK;true;30.85;703.3752;6;2.3;352.69455;2;25.7442;6015;Lyupina_140_20260131_YL-4.raw;5.43E5;2;1469;1474;;;DB Search
458;HD-21779-RA;true;QRLPDPLQDVK;true;37.07;1307.7197;11;-5.9;436.90985;3;34.5694;9654;Lyupina_140_20260131_YL-4.raw;;0;710;720;;;DB Search
458;HD-21779-RA;true;RQRLPDPLQDVK;true;48.33;1463.8208;12;-7.6;488.94223;3;34.0954;9436;Lyupina_140_20260131_YL-4.raw;;0;709;720;;;DB Search
422;HD-19129-RA;false;LTVLDR;false;28.40;715.4228;6;1.7;358.71814;2;20.3494;4248;Lyupina_140_20260131_YL-4.raw;2.25E3;1;130;135;;;DB Search
4;HD-04760-RA;true;G(+42.01)DEDVAALVVDNGSGMC(+57.02)K(+14.02);true;30.98;1891.8291;18;-3.3;946.91565;2;57.0951;17448;Lyupina_140_20260131_YL-4.raw;2.15E4;2;2;19;Acetylation (N-term):Carbamidomethylation:Methylation(KR);G1:Acetylation (N-term):1000.00:C17:Methylation(KR):1000.00;PEAKS PTM
4;HD-04760-RA;true;C(+57.02)DVDIRK;false;81.62;904.4436;7;1.6;453.22833;2;20.2180;4225;Lyupina_140_20260131_YL-4.raw;1.05E4;9;286;292;Carbamidomethylation;;DB Search
4;HD-04760-RA;true;RGILTLK;false;64.24;799.5279;7;4.1;400.77158;2;34.1608;9455;Lyupina_140_20260131_YL-4.raw;1.4E5;4;63;69;;;DB Search
196;HD-15677-RA;true;GSGM(+15.99)ASGSVGGMEGYVHGYK;true;100.06;1945.8298;20;1.2;649.61584;3;39.0618;11577;Lyupina_140_20260131_YL-4.raw;7.21E3;1;150;169;Oxidation (M);M4:Oxidation (M):19.61;DB Search
310;HD-06541-RA;false;YGDSASVQVIR;true;96.83;1193.6040;11;1.8;597.80841;2;35.4455;10016;Lyupina_140_20260131_YL-4.raw;8.42E3;3;184;194;;;DB Search
4;HD-08219-RA;false;C(+57.02)DVDIRK;false;81.62;904.4436;7;1.6;453.22833;2;20.2180;4225;Lyupina_140_20260131_YL-4.raw;1.05E4;9;286;292;Carbamidomethylation;;DB Search
4;HD-08219-RA;false;RGILTLK;false;64.24;799.5279;7;4.1;400.77158;2;34.1608;9455;Lyupina_140_20260131_YL-4.raw;1.4E5;4;63;69;;;DB Search
504;HD-22046-RA;false;GLLGGR;true;32.58;571.3442;6;2.0;286.67899;2;25.7522;6117;Lyupina_140_20260131_YL-4.raw;2.02E6;2;545;550;;;DB Search
504;HD-07317-RA;true;GLLGGR;true;32.58;571.3442;6;2.0;286.67899;2;25.7522;6117;Lyupina_140_20260131_YL-4.raw;2.02E6;2;1039;1044;;;DB Search
102;HD-01224-RA;false;ELYDFLPLNNR;true;88.75;1392.7037;11;-1.7;697.35571;2;59.5784;18197;Lyupina_140_20260131_YL-4.raw;1.5E4;2;268;278;;;DB Search
37;HD-00082-RA;true;LSAEEIDR;false;88.95;931.4610;8;2.3;466.73734;2;30.1084;7747;Lyupina_140_20260131_YL-4.raw;2.4E4;4;509;516;;;DB Search
422;HD-04192-RA;true;LTVLDR;false;28.40;715.4228;6;1.7;358.71814;2;20.3494;4248;Lyupina_140_20260131_YL-4.raw;2.25E3;1;130;135;;;DB Search
589;HD-10653-RA;false;IESSSK;true;49.32;649.3283;6;4.6;325.67184;2;28.8592;7249;Lyupina_140_20260131_YL-4.raw;;1;6;11;;;DB Search
81;HD-03725-RA;true;IENNLK;true;32.45;729.4021;6;3.2;365.70828;2;18.7489;3728;Lyupina_140_20260131_YL-4.raw;1.49E4;1;107;112;;;DB Search
881;HD-16834-RA;true;VLSDVLGK;true;30.46;829.4909;8;3.2;415.75269;2;36.7579;10647;Lyupina_140_20260131_YL-4.raw;;0;512;519;;;DB Search
8;HD-05525-RA;true;IENALETQK;true;98.01;1044.5451;9;-0.2;523.27802;2;26.7855;6431;Lyupina_140_20260131_YL-4.raw;4.64E4;6;524;532;;;DB Search
8;HD-05525-RA;true;YLDIPR;true;95.19;775.4228;6;6.0;388.71973;2;40.1427;11991;Lyupina_140_20260131_YL-4.raw;;3;241;246;;;DB Search
731;HD-17094-RA;true;MALLGK;true;42.96;631.3727;6;1.5;316.69305;2;32.2833;8671;Lyupina_140_20260131_YL-4.raw;1.41E4;1;27;32;;;DB Search
456;HD-08363-RA;true;EVLGAK;true;46.49;615.3591;6;2.8;308.68671;2;21.2678;4533;Lyupina_140_20260131_YL-4.raw;4.51E3;2;654;659;;;DB Search
863;HD-15431-RA;true;TGVAYR;true;36.44;665.3497;6;2.8;333.68195;2;20.6964;4335;Lyupina_140_20260131_YL-4.raw;4.85E3;2;596;601;;;DB Search
75;HD-11089-RA;false;SLESYLK;true;94.18;838.4436;7;0.8;420.22806;2;40.2991;12060;Lyupina_140_20260131_YL-4.raw;;3;436;442;;;DB Search
603;HD-11400-RA;false;IATALK;true;30.96;615.3955;6;1.3;308.70444;2;27.6837;6747;Lyupina_140_20260131_YL-4.raw;2.37E4;1;125;130;;;DB Search
699;HD-01918-RA;true;GFPGPK;true;32.43;601.3224;6;6.3;301.66937;2;28.6203;7049;Lyupina_140_20260131_YL-4.raw;1.81E5;1;668;673;;;DB Search
727;HD-18564-RA;true;GGGPVR;true;43.24;541.2972;6;0.8;271.65521;2;19.2748;3907;Lyupina_140_20260131_YL-4.raw;;0;910;915;;;DB Search
270;HD-10646-RA;false;VGVTAGYR;true;98.59;821.4395;8;2.1;411.72656;2;26.7855;6451;Lyupina_140_20260131_YL-4.raw;1.03E4;3;34;41;;;DB Search
150;HD-01442-RA;true;SPNGTIR;false;93.24;743.3926;7;2.7;372.70337;2;16.4124;2964;Lyupina_140_20260131_YL-4.raw;1.89E4;6;94;100;;;DB Search
731;HD-19011-RA;true;MALLGK;true;42.96;631.3727;6;1.5;316.69305;2;32.2833;8671;Lyupina_140_20260131_YL-4.raw;1.41E4;1;32;37;;;DB Search
286;HD-01653-RA;false;LSIIGR;true;43.11;657.4173;6;3.8;329.71613;2;34.6543;9706;Lyupina_140_20260131_YL-4.raw;1.79E4;1;78;83;;;DB Search
40;HD-06840-RA;true;A(+42.01)GLAKPK;true;39.04;725.4435;7;1.3;363.72833;2;23.0673;5138;Lyupina_140_20260131_YL-4.raw;8.75E4;1;2;8;Acetylation (N-term);A1:Acetylation (N-term):1000.00;DB Search
584;HD-15383-RA;true;MAATPK;true;32.58;617.3207;6;3.7;309.66776;2;18.8428;3733;Lyupina_140_20260131_YL-4.raw;1.2E5;2;420;425;;;DB Search
143;HD-06166-RA;false;SIYGEK;false;74.05;695.3490;6;2.7;696.35590;1;22.0958;4836;Lyupina_140_20260131_YL-4.raw;2.91E5;6;46;51;;;DB Search
748;HD-00440-RA;true;GIATIR;true;60.58;629.3860;6;2.4;315.70001;2;21.6589;4620;Lyupina_140_20260131_YL-4.raw;2.69E4;3;1610;1615;;;DB Search
6;HD-20705-RA;true;AGIIDPVKVVR;false;93.25;1165.7182;11;2.0;389.57953;3;41.4952;12548;Lyupina_140_20260131_YL-4.raw;;0;519;529;;;DB Search
6;HD-20705-RA;true;AGVEPSIVVSK;false;44.71;1084.6128;11;3.8;543.31396;2;36.9267;10710;Lyupina_140_20260131_YL-4.raw;1.13E4;1;485;495;;;DB Search
6;HD-20705-RA;true;FGSEAR;false;94.04;665.3133;6;2.5;333.66367;2;17.1726;3133;Lyupina_140_20260131_YL-4.raw;2.3E6;4;34;39;;;DB Search
6;HD-20705-RA;true;FINSPK;false;83.27;704.3857;6;2.1;353.19971;2;23.3370;5338;Lyupina_140_20260131_YL-4.raw;1.69E6;3;230;235;;;DB Search
6;HD-20705-RA;true;FQN(+0.98)IGAR;false;78.91;805.4082;7;2.8;403.71121;2;28.1762;6942;Lyupina_140_20260131_YL-4.raw;9.92E3;2;92;98;Deamidation (NQ);N3:Deamidation (NQ):17.01;DB Search
6;HD-20705-RA;true;GIIDPVK;false;82.88;740.4432;7;0.5;741.44843;1;36.2011;10353;Lyupina_140_20260131_YL-4.raw;1.57E4;1;520;526;;;DB Search
6;HD-20705-RA;true;RIDQIK;false;65.28;771.4603;6;2.4;386.73709;2;18.6023;3747;Lyupina_140_20260131_YL-4.raw;1.72E6;3;372;377;;;DB Search
6;HD-20705-RA;true;VNVVSQHLK;false;99.25;1022.5873;9;-0.7;512.29889;2;29.0315;7311;Lyupina_140_20260131_YL-4.raw;2.52E4;3;150;158;;;DB Search
6;HD-20705-RA;true;VTDLGR;false;81.69;659.3602;6;3.0;330.68729;2;19.8976;4057;Lyupina_140_20260131_YL-4.raw;3.41E6;5;341;346;;;DB Search
6;HD-20705-RA;true;VTLGPK;false;91.63;613.3799;6;2.0;307.69684;2;24.0026;5459;Lyupina_140_20260131_YL-4.raw;2.21E4;6;55;60;;;DB Search
91;HD-08494-RA;true;IAGIQR;false;30.91;656.3969;6;1.9;329.20529;2;28.8089;7226;Lyupina_140_20260131_YL-4.raw;;0;1349;1354;;;DB Search
727;HD-07449-RA;true;GGGPVR;true;43.24;541.2972;6;0.8;271.65521;2;19.2748;3907;Lyupina_140_20260131_YL-4.raw;;0;138;143;;;DB Search
699;HD-19921-RA;true;GFPGPK;true;32.43;601.3224;6;6.3;301.66937;2;28.6203;7049;Lyupina_140_20260131_YL-4.raw;1.81E5;1;135;140;;;DB Search
81;HD-03432-RA;false;LENNLK;true;32.45;729.4021;6;3.2;365.70828;2;18.7489;3728;Lyupina_140_20260131_YL-4.raw;1.49E4;1;200;205;;;DB Search
3;HD-06357-RA;true;GFYFDR;true;66.45;803.3602;6;1.2;402.68655;2;43.6491;13351;Lyupina_140_20260131_YL-4.raw;1.57E4;1;35;40;;;DB Search
3;HD-06357-RA;true;TSLGFYFDR;true;84.61;1104.5240;9;-0.5;553.26721;2;53.9671;16593;Lyupina_140_20260131_YL-4.raw;2.73E4;2;32;40;;;DB Search
3;HD-06357-RA;true;AALQLEK;false;65.32;771.4490;7;3.6;386.73190;2;30.3806;7849;Lyupina_140_20260131_YL-4.raw;6.59E5;3;99;105;;;DB Search
3;HD-06357-RA;true;AEAM(+15.99)QAALQLEK;false;99.39;1317.6598;12;4.9;659.83826;2;35.6203;10120;Lyupina_140_20260131_YL-4.raw;;2;94;105;Oxidation (M);M4:Oxidation (M):1000.00;DB Search
3;HD-06357-RA;true;AFQNER;false;95.08;763.3613;6;2.9;382.68777;2;17.7340;3340;Lyupina_140_20260131_YL-4.raw;7.42E5;3;68;73;;;DB Search
3;HD-06357-RA;true;ALLDM(+15.99)HK;false;41.02;842.4320;7;2.8;422.22308;2;32.8344;8919;Lyupina_140_20260131_YL-4.raw;;0;110;116;Oxidation (M);M5:Oxidation (M):1000.00;DB Search
3;HD-06357-RA;true;ALLDMHK;false;84.80;826.4371;7;1.6;414.22513;2;31.9585;8538;Lyupina_140_20260131_YL-4.raw;1.69E4;2;110;116;;;DB Search
3;HD-06357-RA;true;ALQLEK;false;73.86;700.4119;6;0.7;351.21234;2;28.2841;7007;Lyupina_140_20260131_YL-4.raw;3.23E6;4;100;105;;;DB Search
3;HD-06357-RA;true;AMQAALQLEK;false;96.16;1101.5852;10;3.5;551.79999;2;39.2409;11667;Lyupina_140_20260131_YL-4.raw;2.34E4;2;96;105;;;DB Search
3;HD-06357-RA;true;AQMC(+57.02)DFIEAN(+0.98)YLTEQTQAIK;false;64.09;2374.0821;20;4.2;792.36871;3;59.0224;18078;Lyupina_140_20260131_YL-4.raw;4.56E3;1;124;143;Carbamidomethylation:Deamidation (NQ);C4:Deamidation (NQ):8.28;DB Search
3;HD-06357-RA;true;D(+42.01)VN(+0.98)Q(+0.98)ALLDMHK;false;41.06;1326.6125;11;-9.0;664.30542;2;41.0469;12343;Lyupina_140_20260131_YL-4.raw;;0;106;116;Acetylation (N-term):Deamidation (NQ):Deamidation (NQ);D1:Acetylation (N-term):1000.00:N3:Deamidation (NQ):1000.00:Q4:Deamidation (NQ):1000.00;DB Search
3;HD-06357-RA;true;DEWGSGAEAM(+15.99);false;92.70;1067.3866;10;1.4;534.69958;2;33.3842;9219;Lyupina_140_20260131_YL-4.raw;1.01E6;5;88;97;Oxidation (M);M10:Oxidation (M):1000.00;DB Search
3;HD-06357-RA;true;DRDDIAMSGFK;false;46.57;1253.5710;11;4.3;418.86472;3;38.3158;11273;Lyupina_140_20260131_YL-4.raw;9.1E3;1;39;49;;;DB Search
3;HD-06357-RA;true;DVN(+0.98)QALLDMH;false;99.91;1155.5230;10;0.9;578.76740;2;50.0906;15381;Lyupina_140_20260131_YL-4.raw;;2;106;115;Deamidation (NQ);N3:Deamidation (NQ):0.00;DB Search
3;HD-06357-RA;true;E(+14.02)N(+0.98)YHEESEAAVNK;false;32.19;1533.6583;13;-8.5;512.22070;3;21.4560;4594;Lyupina_140_20260131_YL-4.raw;;0;7;19;Methylation(Protein N-term):Deamidation (NQ);E1:Deamidation (NQ):43.70;PEAKS PTM
3;HD-06357-RA;true;EESEAAVNK;false;84.35;975.4509;9;2.2;488.73221;2;15.3770;2697;Lyupina_140_20260131_YL-4.raw;3.96E4;3;11;19;;;DB Search
3;HD-06357-RA;true;EEYDHAK;false;94.54;890.3770;7;4.1;446.19614;2;17.1307;3179;Lyupina_140_20260131_YL-4.raw;6.4E4;1;58;64;;;DB Search
3;HD-06357-RA;true;EEYDHAKK;false;53.51;1018.4719;8;2.9;510.24304;2;14.7757;2544;Lyupina_140_20260131_YL-4.raw;;0;58;65;;;DB Search
3;HD-06357-RA;true;EKDVNQALLDMHK;false;97.14;1539.7715;13;3.8;514.26471;3;35.4873;10014;Lyupina_140_20260131_YL-4.raw;2.72E4;2;104;116;;;DB Search
3;HD-06357-RA;true;EN(+0.98)YHEESEAAVN(+0.98)K;false;93.72;1520.6267;13;-0.6;507.88089;3;24.5557;5672;Lyupina_140_20260131_YL-4.raw;2.34E4;5;7;19;Deamidation (NQ):Deamidation (NQ);N2:Deamidation (NQ):1000.00:N12:Deamidation (NQ):1000.00;DB Search
3;HD-06357-RA;true;EYDHAKK;false;31.85;889.4294;7;3.9;445.72223;2;14.7567;2533;Lyupina_140_20260131_YL-4.raw;;0;59;65;;;DB Search
3;HD-06357-RA;true;F(+42.01)M(+15.99)AFQNER;false;88.73;1099.4757;8;-0.1;550.74329;2;42.3034;12841;Lyupina_140_20260131_YL-4.raw;1.65E4;3;66;73;Acetylation (N-term):Oxidation (M);F1:Acetylation (N-term):1000.00:M2:Oxidation (M):1000.00;DB Search
3;HD-06357-RA;true;FDRDDIAM(+15.99)SGFK;false;95.40;1416.6343;12;2.1;473.21817;3;37.3509;10874;Lyupina_140_20260131_YL-4.raw;4E4;2;38;49;Oxidation (M);M8:Oxidation (M):1000.00;DB Search
3;HD-06357-RA;true;FDRDDIAMSGFK;false;74.09;1400.6394;12;1.4;467.88620;3;43.5545;13293;Lyupina_140_20260131_YL-4.raw;7.72E4;2;38;49;;;DB Search
3;HD-06357-RA;true;FM(+15.99)AFQN(+0.98)ER;false;97.32;1058.4491;8;3.7;530.23206;2;35.3022;9658;Lyupina_140_20260131_YL-4.raw;5.32E6;10;66;73;Oxidation (M):Deamidation (NQ);M2:Deamidation (NQ):14.02;DB Search
3;HD-06357-RA;true;GDYVTQLKK;false;93.85;1050.5709;9;2.9;526.29254;2;39.1519;11589;Lyupina_140_20260131_YL-4.raw;1.08E6;5;146;154;;;DB Search
3;HD-06357-RA;true;IAM(+15.99)SGFK;false;95.55;768.3840;7;1.6;385.19864;2;24.0026;5492;Lyupina_140_20260131_YL-4.raw;4.33E4;1;43;49;Oxidation (M);M3:Oxidation (M):1000.00;DB Search
3;HD-06357-RA;true;IAMSGFK;false;89.78;752.3891;7;3.3;377.20181;2;35.9240;10223;Lyupina_140_20260131_YL-4.raw;1.72E5;4;43;49;;;DB Search
3;HD-06357-RA;true;IVLQ(+0.98)DVK;false;71.71;814.4800;7;2.8;408.24710;2;35.9815;10211;Lyupina_140_20260131_YL-4.raw;1.48E7;4;77;83;Deamidation (NQ);Q4:Deamidation (NQ):1000.00;DB Search
3;HD-06357-RA;true;K(+42.01)FMAFQNER;false;92.89;1211.5757;9;-0.2;606.79303;2;44.0789;13468;Lyupina_140_20260131_YL-4.raw;1.63E4;7;65;73;Acetylation (N-term);K1:Acetylation (N-term):1000.00;DB Search
3;HD-06357-RA;true;KDVNQALLDM(+15.99)HK;false;55.20;1426.7238;12;-0.5;476.58008;3;26.4442;6332;Lyupina_140_20260131_YL-4.raw;1.95E4;2;105;116;Oxidation (M);M10:Oxidation (M):1000.00;DB Search
3;HD-06357-RA;true;KFM(+15.99)AFQN(+0.98)ER;false;96.54;1186.5441;9;1.1;594.27802;2;30.2948;7903;Lyupina_140_20260131_YL-4.raw;1.78E6;5;65;73;Oxidation (M):Deamidation (NQ);M3:Deamidation (NQ):14.02;DB Search
3;HD-06357-RA;true;KVGTGHGEWH;false;56.88;1106.5257;10;2.5;369.84888;3;18.2108;3528;Lyupina_140_20260131_YL-4.raw;3.79E4;2;154;163;;;DB Search
3;HD-06357-RA;true;LLDMHK;false;64.11;755.4000;6;2.2;378.70688;2;25.8580;6089;Lyupina_140_20260131_YL-4.raw;2.43E4;3;111;116;;;DB Search
3;HD-06357-RA;true;M(+15.99)AFQNER;false;64.78;910.3967;7;2.3;456.20517;2;20.5151;4265;Lyupina_140_20260131_YL-4.raw;2.18E5;3;67;73;Oxidation (M);M1:Oxidation (M):1000.00;DB Search
3;HD-06357-RA;true;M(+15.99)QAALQLEK;false;74.13;1046.5430;9;4.0;524.27917;2;32.3218;8689;Lyupina_140_20260131_YL-4.raw;2.63E4;2;97;105;Oxidation (M);M1:Oxidation (M):1000.00;DB Search
3;HD-06357-RA;true;MAFQNER;false;96.83;894.4018;7;0.5;448.20691;2;27.6967;6742;Lyupina_140_20260131_YL-4.raw;8.6E5;4;67;73;;;DB Search
3;HD-06357-RA;true;MQAALQLEK;false;96.38;1030.5481;9;3.2;516.28131;2;37.4162;10914;Lyupina_140_20260131_YL-4.raw;;1;97;105;;;DB Search
3;HD-06357-RA;true;N(+0.98)QALLDMHK;false;60.59;1069.5226;9;0.2;535.76697;2;42.1533;12757;Lyupina_140_20260131_YL-4.raw;2.2E5;4;108;116;Deamidation (NQ);N1:Deamidation (NQ):0.00;DB Search
3;HD-06357-RA;true;Q(+0.98)LGDYVTQ(+0.98)LK;false;95.96;1165.5867;10;0.0;583.79871;2;47.0832;14424;Lyupina_140_20260131_YL-4.raw;4.67E4;3;144;153;Deamidation (NQ):Deamidation (NQ);Q1:Deamidation (NQ):1000.00:Q8:Deamidation (NQ):1000.00;DB Search
3;HD-06357-RA;true;QALLDM(+15.99)HK;false;95.83;970.4906;8;3.3;486.25259;2;32.8447;8908;Lyupina_140_20260131_YL-4.raw;2.61E5;4;109;116;Oxidation (M);M6:Oxidation (M):1000.00;DB Search
3;HD-06357-RA;true;QINM(+15.99)ELYAFY;false;48.71;1306.5904;10;0.1;654.30042;2;61.1999;18504;Lyupina_140_20260131_YL-4.raw;1.65E5;1;20;29;Oxidation (M);M4:Oxidation (M):1000.00;DB Search
3;HD-06357-RA;true;TGHGEWHFQK;false;98.41;1225.5628;10;1.3;613.78748;2;30.6792;7974;Lyupina_140_20260131_YL-4.raw;4.57E5;3;157;166;;;DB Search
3;HD-06357-RA;true;VNQALLDM(+15.99)HK;false;92.69;1183.6019;10;3.7;592.80847;2;32.9081;8948;Lyupina_140_20260131_YL-4.raw;;2;107;116;Oxidation (M);M8:Oxidation (M):1000.00;DB Search
3;HD-06357-RA;true;YDHAKK;false;41.20;760.3868;6;3.6;381.20078;2;14.7130;2514;Lyupina_140_20260131_YL-4.raw;4.53E5;2;60;65;;;DB Search
3;HD-06357-RA;true;YFDRDDIAM(+15.99)SGFK;false;99.05;1579.6977;13;1.3;527.57214;3;41.5026;12552;Lyupina_140_20260131_YL-4.raw;3.04E5;4;37;49;Oxidation (M);M9:Oxidation (M):1000.00;DB Search
3;HD-06357-RA;true;YLTEQTQ(+0.98)AIK;false;96.11;1194.6132;10;2.8;598.31360;2;33.2838;9065;Lyupina_140_20260131_YL-4.raw;4.88E5;3;134;143;Deamidation (NQ);Q7:Deamidation (NQ):32.28;DB Search
3;HD-06357-RA;true;YVTQLKK;false;95.26;878.5225;7;2.4;440.26816;2;20.4814;4294;Lyupina_140_20260131_YL-4.raw;1.12E4;5;148;154;;;DB Search
286;HD-14946-RA;false;LSLLGR;true;43.11;657.4173;6;3.8;329.71613;2;34.6543;9706;Lyupina_140_20260131_YL-4.raw;1.79E4;1;431;436;;;DB Search
443;HD-16829-RA;true;TGSFQFVSTADDVK;true;99.08;1500.7096;14;-2.0;751.35809;2;46.4453;14246;Lyupina_140_20260131_YL-4.raw;6.98E4;2;1293;1306;;;DB Search
143;HD-06167-RA;true;SIYGEK;false;74.05;695.3490;6;2.7;696.35590;1;22.0958;4836;Lyupina_140_20260131_YL-4.raw;2.91E5;6;98;103;;;DB Search
286;HD-13067-RA;false;LSLIGR;true;43.11;657.4173;6;3.8;329.71613;2;34.6543;9706;Lyupina_140_20260131_YL-4.raw;1.79E4;1;1204;1209;;;DB Search
12;HD-10579-RA;false;ITIENR;true;81.67;744.4130;6;1.7;373.21320;2;26.2081;6223;Lyupina_140_20260131_YL-4.raw;3.93E4;4;793;798;;;DB Search
56;HD-02056-RA;true;AQ(+0.98)HVSVAQHSSGDR;true;30.84;1478.6862;14;-6.2;493.89801;3;14.5744;2445;Lyupina_140_20260131_YL-4.raw;;0;390;403;Deamidation (NQ);Q2:Deamidation (NQ):0.00;DB Search
820;HD-00591-RA;true;KALGAK;true;43.69;586.3802;6;2.8;294.19724;2;25.1385;5905;Lyupina_140_20260131_YL-4.raw;2.02E3;1;333;338;;;DB Search
86;HD-02381-RA;true;PGEDFAVIR;true;44.60;1002.5134;9;1.1;502.26288;2;42.4085;12912;Lyupina_140_20260131_YL-4.raw;2.49E3;1;468;476;;;DB Search
86;HD-02381-RA;true;TGSFQFVSTADAVK;true;99.65;1456.7198;14;-2.5;729.36298;2;47.5445;14529;Lyupina_140_20260131_YL-4.raw;2.08E5;3;1416;1429;;;DB Search
86;HD-02381-RA;true;FVSTADNVK;false;96.54;979.4974;9;0.9;490.75482;2;25.0120;5898;Lyupina_140_20260131_YL-4.raw;6.38E5;2;2307;2315;;;DB Search
86;HD-02381-RA;true;IDDPVK;false;28.50;685.3646;6;1.8;343.68909;2;23.0049;5162;Lyupina_140_20260131_YL-4.raw;9.77E3;1;980;985;;;DB Search
312;HD-08998-RA;true;DIQLAR;true;53.49;714.4024;6;2.9;358.20834;2;30.5641;7879;Lyupina_140_20260131_YL-4.raw;2.1E4;2;124;129;;;DB Search
312;HD-08998-RA;true;EIAQDFK;true;78.07;849.4232;7;3.6;425.71902;2;30.4279;7856;Lyupina_140_20260131_YL-4.raw;2.1E4;4;74;80;;;DB Search
312;HD-08998-RA;true;STELLIR;true;82.70;830.4861;7;2.4;416.24997;2;39.0836;11558;Lyupina_140_20260131_YL-4.raw;3.19E4;5;58;64;;;DB Search
312;HD-08998-RA;true;YRPGTVALR;true;92.56;1031.5876;9;2.3;344.86948;3;29.0677;7306;Lyupina_140_20260131_YL-4.raw;2.25E4;5;42;50;;;DB Search
286;HD-25578-RA;true;LSLLGR;true;43.11;657.4173;6;3.8;329.71613;2;34.6543;9706;Lyupina_140_20260131_YL-4.raw;1.79E4;1;16;21;;;DB Search
574;HD-10937-RA;true;LYAAVLAR;true;27.31;875.5229;8;2.2;438.76825;2;45.0163;13888;Lyupina_140_20260131_YL-4.raw;3.17E5;1;119;126;;;DB Search
9;HD-20844-RA;true;STGADSVLK;true;68.36;876.4552;9;1.4;439.23407;2;26.1517;6207;Lyupina_140_20260131_YL-4.raw;4.17E4;6;124;132;;;DB Search
637;HD-19064-RA;false;TVEDLK;true;30.85;703.3752;6;2.3;352.69455;2;25.7442;6015;Lyupina_140_20260131_YL-4.raw;5.43E5;2;65;70;;;DB Search
183;HD-16828-RA;true;SAVAPEDFSSK(+14.02);true;30.74;1150.5506;11;2.9;576.28235;2;34.5922;9614;Lyupina_140_20260131_YL-4.raw;1.3E5;1;823;833;Methylation(KR);K11:Methylation(KR):1000.00;PEAKS PTM
183;HD-16828-RA;true;FTVDADTVR;false;63.66;1022.5032;9;2.1;512.25830;2;36.5687;10510;Lyupina_140_20260131_YL-4.raw;1.33E5;2;1000;1008;;;DB Search
38;HD-13480-RA;true;ENEALINK;true;96.48;929.4818;8;1.1;465.74716;2;25.3004;5875;Lyupina_140_20260131_YL-4.raw;4.59E5;2;13;20;;;DB Search
38;HD-13480-RA;true;ITLFDIR;true;85.39;876.5069;7;1.1;439.25977;2;56.2328;17259;Lyupina_140_20260131_YL-4.raw;4.78E5;3;78;84;;;DB Search
745;HD-13733-RA;true;VLLNGK;true;33.24;642.4064;6;2.9;322.21039;2;24.8370;5782;Lyupina_140_20260131_YL-4.raw;1.77E4;1;585;590;;;DB Search
834;HD-00823-RA;true;IQSIPR;true;36.70;712.4232;6;-2.2;357.21692;2;35.7795;10196;Lyupina_140_20260131_YL-4.raw;;1;304;309;;;DB Search
422;HD-23787-RA;false;LTVLDR;false;28.40;715.4228;6;1.7;358.71814;2;20.3494;4248;Lyupina_140_20260131_YL-4.raw;2.25E3;1;130;135;;;DB Search
861;HD-05817-RA;true;SGAPVR;true;32.29;585.3234;6;3.6;293.66910;2;17.8363;3431;Lyupina_140_20260131_YL-4.raw;;0;387;392;;;DB Search
745;HD-27918-RA;true;VLLNGK;true;33.24;642.4064;6;2.9;322.21039;2;24.8370;5782;Lyupina_140_20260131_YL-4.raw;1.77E4;1;216;221;;;DB Search
31;HD-17369-RA;true;LPTTVDWR;false;91.31;986.5185;8;0.8;494.26529;2;43.9397;13395;Lyupina_140_20260131_YL-4.raw;3.68E5;6;110;117;;;DB Search
438;HD-22133-RA;true;GSLEDK;true;36.98;647.3126;6;-6.9;324.66028;2;29.3039;7431;Lyupina_140_20260131_YL-4.raw;9.22E2;1;1489;1494;;;DB Search
422;HD-12669-RA;false;LTVLDR;false;28.40;715.4228;6;1.7;358.71814;2;20.3494;4248;Lyupina_140_20260131_YL-4.raw;2.25E3;1;7;12;;;DB Search
312;HD-10267-RA;false;STELLIR;true;82.70;830.4861;7;2.4;416.24997;2;39.0836;11558;Lyupina_140_20260131_YL-4.raw;3.19E4;5;59;65;;;DB Search
44;HD-17543-RA;true;AIDESAK;true;83.54;732.3654;7;2.4;367.18964;2;15.2436;2678;Lyupina_140_20260131_YL-4.raw;1.18E4;6;176;182;;;DB Search
44;HD-17543-RA;true;YLAEVR;true;96.07;749.4072;6;1.5;375.71021;2;28.8980;7217;Lyupina_140_20260131_YL-4.raw;1.49E5;6;163;168;;;DB Search
745;HD-01460-RA;true;VLLNGK;true;33.24;642.4064;6;2.9;322.21039;2;24.8370;5782;Lyupina_140_20260131_YL-4.raw;1.77E4;1;333;338;;;DB Search
172;HD-07137-RA;false;ALC(+57.02)TGEK;true;79.10;777.3691;7;3.4;389.69186;2;16.5623;2991;Lyupina_140_20260131_YL-4.raw;8.16E4;6;160;166;Carbamidomethylation;;DB Search
584;HD-02562-RA;false;MAATPK;true;32.58;617.3207;6;3.7;309.66776;2;18.8428;3733;Lyupina_140_20260131_YL-4.raw;1.2E5;2;1;6;;;DB Search
767;HD-17499-RA;true;INGGIR;true;40.17;628.3656;6;3.7;315.19022;2;18.3362;3571;Lyupina_140_20260131_YL-4.raw;4.56E4;3;192;197;;;DB Search
250;HD-02380-RA;true;FVSTADNVK;false;96.54;979.4974;9;0.9;490.75482;2;25.0120;5898;Lyupina_140_20260131_YL-4.raw;6.38E5;2;1734;1742;;;DB Search
250;HD-02380-RA;true;IDDPVK;false;28.50;685.3646;6;1.8;343.68909;2;23.0049;5162;Lyupina_140_20260131_YL-4.raw;9.77E3;1;964;969;;;DB Search
26;HD-02855-RA;true;DILDKK;true;35.48;730.4225;6;2.2;366.21811;2;21.7604;4689;Lyupina_140_20260131_YL-4.raw;9.63E3;1;649;654;;;DB Search
26;HD-02855-RA;true;FENLC(+57.02)K;true;46.25;809.3742;6;3.1;405.69427;2;27.3782;6652;Lyupina_140_20260131_YL-4.raw;1.12E4;2;640;645;Carbamidomethylation;;DB Search
26;HD-02855-RA;true;HMEELK;true;78.05;785.3742;6;3.6;393.69449;2;18.1899;3536;Lyupina_140_20260131_YL-4.raw;1.94E4;6;632;637;;;DB Search
26;HD-02855-RA;true;SAFVER;true;92.86;707.3602;6;1.8;354.68686;2;24.0026;5456;Lyupina_140_20260131_YL-4.raw;5.52E4;6;577;582;;;DB Search
26;HD-02855-RA;true;TLTSVTK;true;95.81;748.4331;7;1.6;375.22318;2;21.6768;4625;Lyupina_140_20260131_YL-4.raw;8.22E4;6;612;618;;;DB Search
162;HD-00508-RA;true;DVVPTDDVAK;true;84.93;1057.5291;10;1.3;529.77081;2;31.2237;8199;Lyupina_140_20260131_YL-4.raw;5.64E4;4;67;76;;;DB Search
761;HD-01925-RA;true;YIPGTK;true;58.27;677.3748;6;2.8;339.69452;2;22.6142;4995;Lyupina_140_20260131_YL-4.raw;2.01E4;5;80;85;;;DB Search
323;HD-23643-RA;true;ADPRPQLAAAR;true;71.43;1164.6363;11;3.1;389.21930;3;25.7588;6082;Lyupina_140_20260131_YL-4.raw;1.42E4;1;222;232;;;DB Search
323;HD-23643-RA;true;EALSQPEIK;true;96.15;1013.5393;9;-0.1;507.77521;2;31.3270;8322;Lyupina_140_20260131_YL-4.raw;1.72E4;1;347;355;;;DB Search
323;HD-23643-RA;true;LDDSILDIIK;false;94.47;1143.6387;10;-0.5;572.82446;2;62.5920;18833;Lyupina_140_20260131_YL-4.raw;4.85E4;2;212;221;;;DB Search
12;HD-01470-RA;true;ALPLDEPNLNYVK;true;95.89;1484.7875;13;-1.3;743.39758;2;50.1623;15411;Lyupina_140_20260131_YL-4.raw;;1;3857;3869;;;DB Search
12;HD-01470-RA;true;DMLTALNSVR;true;78.36;1118.5754;10;1.2;560.29382;2;53.6265;16497;Lyupina_140_20260131_YL-4.raw;1.14E4;2;900;909;;;DB Search
12;HD-01470-RA;true;DTSVLTLER;true;98.97;1032.5451;9;-0.1;517.27808;2;42.2600;12797;Lyupina_140_20260131_YL-4.raw;3.02E4;2;1132;1140;;;DB Search
12;HD-01470-RA;true;HNLFNGK;true;30.84;828.4242;7;-8.5;415.21451;2;26.0867;6196;Lyupina_140_20260131_YL-4.raw;;0;679;685;;;DB Search
12;HD-01470-RA;true;ITLENR;true;81.67;744.4130;6;1.7;373.21320;2;26.2081;6223;Lyupina_140_20260131_YL-4.raw;3.93E4;4;7074;7079;;;DB Search
12;HD-01470-RA;true;SVHYLNR;true;64.79;887.4613;7;2.6;296.82751;3;23.2017;5210;Lyupina_140_20260131_YL-4.raw;2.79E4;1;1051;1057;;;DB Search
12;HD-01470-RA;true;VRDTSVLTLER;true;95.08;1287.7146;11;0.6;430.24432;3;37.2167;10801;Lyupina_140_20260131_YL-4.raw;1.85E4;2;1130;1140;;;DB Search
12;HD-01470-RA;true;VEVQLR;false;78.08;742.4337;6;3.1;372.22406;2;30.3720;7811;Lyupina_140_20260131_YL-4.raw;5.54E4;3;1141;1146;;;DB Search
124;HD-26558-RA;false;SLN(+0.98)EIK;true;30.77;703.3752;6;3.9;352.69510;2;29.9180;7695;Lyupina_140_20260131_YL-4.raw;8.04E3;2;48;53;Deamidation (NQ);N3:Deamidation (NQ):1000.00;DB Search
124;HD-26558-RA;false;SLNEIK;true;41.65;702.3912;6;3.8;352.20306;2;29.9952;7712;Lyupina_140_20260131_YL-4.raw;1.18E4;1;48;53;;;DB Search
799;HD-10231-RA;true;FGGGSGGGR;true;40.18;750.3409;9;2.5;376.17743;2;18.4242;3470;Lyupina_140_20260131_YL-4.raw;5.16E4;1;96;104;;;DB Search
792;HD-14069-RA;true;VLDLAR;true;43.51;685.4122;6;3.9;343.71362;2;36.8980;10709;Lyupina_140_20260131_YL-4.raw;1.33E3;1;113;118;;;DB Search
122;HD-21903-RA;true;LPTTVDWR;false;91.31;986.5185;8;0.8;494.26529;2;43.9397;13395;Lyupina_140_20260131_YL-4.raw;3.68E5;6;111;118;;;DB Search
431;HD-01309-RA;false;VPPLPR;true;58.87;677.4224;6;3.0;339.71838;2;31.3075;8235;Lyupina_140_20260131_YL-4.raw;5.11E4;2;425;430;;;DB Search
229;HD-02582-RA;true;ELISLENR;true;57.60;972.5240;8;3.9;487.26959;2;38.8799;11550;Lyupina_140_20260131_YL-4.raw;4.38E6;2;925;932;;;DB Search
229;HD-02582-RA;true;TITLEVEPSDTIENVK;true;95.90;1786.9200;16;-2.9;894.46179;2;49.9275;15359;Lyupina_140_20260131_YL-4.raw;5.03E4;6;304;319;;;DB Search
229;HD-02582-RA;true;LIFAGK;false;86.44;647.4006;6;3.5;324.70767;2;36.4947;10494;Lyupina_140_20260131_YL-4.raw;2.89E5;7;124;129;;;DB Search
94;HD-04468-RA;false;EFLTAK;true;33.74;707.3854;6;1.3;354.69928;2;25.0664;5846;Lyupina_140_20260131_YL-4.raw;9.23E3;1;190;195;;;DB Search
566;HD-07589-RA;true;VVEVLK;false;29.65;685.4374;6;3.7;343.72614;2;30.2719;7817;Lyupina_140_20260131_YL-4.raw;1.13E4;1;1713;1718;;;DB Search
678;HD-15340-RA;false;LEDVTR;true;29.07;731.3813;6;1.2;366.69717;2;25.7522;6079;Lyupina_140_20260131_YL-4.raw;1.38E4;1;333;338;;;DB Search
71;HD-11769-RA;true;EFLADPGK;true;95.02;875.4388;8;5.7;438.72775;2;34.4167;9550;Lyupina_140_20260131_YL-4.raw;4.57E4;5;267;274;;;DB Search
26;HD-04323-RA;false;TLTSVTK;true;95.81;748.4331;7;1.6;375.22318;2;21.6768;4625;Lyupina_140_20260131_YL-4.raw;8.22E4;6;253;259;;;DB Search
435;HD-16307-RA;true;VALQLLR;true;84.12;811.5279;7;2.2;406.77081;2;46.5495;14305;Lyupina_140_20260131_YL-4.raw;9.82E3;4;192;198;;;DB Search
813;HD-18438-RA;true;GLGGQK;true;35.60;558.3125;6;-2.1;280.16205;2;24.3745;5602;Lyupina_140_20260131_YL-4.raw;;0;242;247;;;DB Search
422;HD-12922-RA;false;LTVLDR;false;28.40;715.4228;6;1.7;358.71814;2;20.3494;4248;Lyupina_140_20260131_YL-4.raw;2.25E3;1;157;162;;;DB Search
286;HD-06071-RA;false;ISLIGR;true;43.11;657.4173;6;3.8;329.71613;2;34.6543;9706;Lyupina_140_20260131_YL-4.raw;1.79E4;1;544;549;;;DB Search
120;HD-19469-RA;true;ENEVC(+57.02)TTLEIPDATVK;true;99.59;1817.8717;16;-3.6;909.93689;2;48.9337;15053;Lyupina_140_20260131_YL-4.raw;2.43E4;2;488;503;Carbamidomethylation;;DB Search
120;HD-19469-RA;true;GSLTEC(+57.02)AEPGR;true;100.07;1175.5241;11;-1.2;588.76666;2;26.4936;6330;Lyupina_140_20260131_YL-4.raw;3.44E4;3;257;267;Carbamidomethylation;;DB Search
120;HD-19469-RA;true;RGSLTEC(+57.02)AEPGR;true;99.48;1331.6252;12;2.9;444.88217;3;22.8305;5089;Lyupina_140_20260131_YL-4.raw;2E4;2;256;267;Carbamidomethylation;;DB Search
120;HD-19469-RA;true;TASQYEM(+15.99)R;true;52.27;1000.4284;8;-1.4;501.21912;2;18.0088;3501;Lyupina_140_20260131_YL-4.raw;9.72E3;1;400;407;Oxidation (M);M7:Oxidation (M):1000.00;DB Search
120;HD-19469-RA;true;WHSEINGQR;true;98.21;1125.5315;9;0.4;376.18338;3;24.0026;5468;Lyupina_140_20260131_YL-4.raw;2.53E4;2;408;416;;;DB Search
431;HD-21416-RA;true;VPPIPR;true;58.87;677.4224;6;3.0;339.71838;2;31.3075;8235;Lyupina_140_20260131_YL-4.raw;5.11E4;2;7147;7152;;;DB Search
431;HD-21416-RA;true;ITVLDR;false;28.40;715.4228;6;1.7;358.71814;2;20.3494;4248;Lyupina_140_20260131_YL-4.raw;2.25E3;1;2450;2455;;;DB Search
88;HD-27575-RA;true;DFYEFR;false;95.20;875.3813;6;2.2;438.69748;2;46.5185;14280;Lyupina_140_20260131_YL-4.raw;1.1E4;3;322;327;;;DB Search
88;HD-27575-RA;true;LGSPDR;false;44.69;643.3289;6;3.4;322.67178;2;16.0390;2889;Lyupina_140_20260131_YL-4.raw;3.94E3;1;2006;2011;;;DB Search
88;HD-27575-RA;true;M(+15.99)C(+57.02)FVIVR;false;97.46;939.4670;7;0.5;470.73950;2;42.2532;12867;Lyupina_140_20260131_YL-4.raw;6.62E3;2;1542;1548;Oxidation (M):Carbamidomethylation;M1:Oxidation (M):1000.00;DB Search
88;HD-27575-RA;true;NDDELR;false;86.17;760.3351;6;2.4;381.17450;2;18.2604;3562;Lyupina_140_20260131_YL-4.raw;2.11E4;5;753;758;;;DB Search
88;HD-27575-RA;true;VVIAEPR;false;95.25;782.4650;7;2.3;392.23941;2;29.5527;7500;Lyupina_140_20260131_YL-4.raw;8.69E4;3;1535;1541;;;DB Search
49;HD-16766-RA;true;NLGEALR;true;87.16;771.4239;7;1.9;386.71869;2;31.0481;8101;Lyupina_140_20260131_YL-4.raw;2.52E5;3;148;154;;;DB Search
49;HD-16766-RA;true;TAQLGR;true;84.75;644.3606;6;3.3;323.18756;2;16.7093;3028;Lyupina_140_20260131_YL-4.raw;1.3E5;3;216;221;;;DB Search
49;HD-16766-RA;true;VPADIR;false;93.13;669.3809;6;5.6;335.69852;2;22.4992;4928;Lyupina_140_20260131_YL-4.raw;4.26E5;3;65;70;;;DB Search
792;HD-05754-RA;true;VLDIAR;true;43.51;685.4122;6;3.9;343.71362;2;36.8980;10709;Lyupina_140_20260131_YL-4.raw;1.33E3;1;135;140;;;DB Search
727;HD-18559-RA;true;GGGPVR;true;43.24;541.2972;6;0.8;271.65521;2;19.2748;3907;Lyupina_140_20260131_YL-4.raw;;0;694;699;;;DB Search
576;HD-06813-RA;true;RVDQLK;true;59.69;757.4446;6;3.1;253.48877;3;15.7641;2786;Lyupina_140_20260131_YL-4.raw;1.19E6;4;757;762;;;DB Search
573;HD-17466-RA;false;GIFLAK;true;29.27;647.4006;6;2.5;324.70734;2;41.9892;12714;Lyupina_140_20260131_YL-4.raw;1.43E4;1;120;125;;;DB Search
151;HD-07329-RA;true;DIVSGLR;true;58.03;758.4286;7;4.8;380.22217;2;38.0653;11140;Lyupina_140_20260131_YL-4.raw;4.49E4;6;119;125;;;DB Search
26;HD-02856-RA;true;DILDKK;true;35.48;730.4225;6;2.2;366.21811;2;21.7604;4689;Lyupina_140_20260131_YL-4.raw;9.63E3;1;649;654;;;DB Search
26;HD-02856-RA;true;FENLC(+57.02)K;true;46.25;809.3742;6;3.1;405.69427;2;27.3782;6652;Lyupina_140_20260131_YL-4.raw;1.12E4;2;640;645;Carbamidomethylation;;DB Search
26;HD-02856-RA;true;HMEELK;true;78.05;785.3742;6;3.6;393.69449;2;18.1899;3536;Lyupina_140_20260131_YL-4.raw;1.94E4;6;632;637;;;DB Search
26;HD-02856-RA;true;SAFVER;true;92.86;707.3602;6;1.8;354.68686;2;24.0026;5456;Lyupina_140_20260131_YL-4.raw;5.52E4;6;577;582;;;DB Search
26;HD-02856-RA;true;TLTSVTK;true;95.81;748.4331;7;1.6;375.22318;2;21.6768;4625;Lyupina_140_20260131_YL-4.raw;8.22E4;6;612;618;;;DB Search
286;HD-02813-RA;false;LSIIGR;true;43.11;657.4173;6;3.8;329.71613;2;34.6543;9706;Lyupina_140_20260131_YL-4.raw;1.79E4;1;27;32;;;DB Search
909;HD-03659-RA;true;LVEELIK;true;31.45;842.5113;7;2.0;422.26239;2;44.8089;13724;Lyupina_140_20260131_YL-4.raw;6.3E4;1;174;180;;;DB Search
870;HD-00164-RA;true;LSGLEK;true;33.09;645.3697;6;3.2;323.69211;2;26.0988;6148;Lyupina_140_20260131_YL-4.raw;4.22E4;1;1255;1260;;;DB Search
792;HD-22954-RA;true;VIDLAR;true;43.51;685.4122;6;3.9;343.71362;2;36.8980;10709;Lyupina_140_20260131_YL-4.raw;1.33E3;1;238;243;;;DB Search
124;HD-12030-RA;false;SIN(+0.98)ELK;true;30.77;703.3752;6;3.9;352.69510;2;29.9180;7695;Lyupina_140_20260131_YL-4.raw;8.04E3;2;5;10;Deamidation (NQ);N3:Deamidation (NQ):1000.00;DB Search
124;HD-12030-RA;false;SINELK;true;41.65;702.3912;6;3.8;352.20306;2;29.9952;7712;Lyupina_140_20260131_YL-4.raw;1.18E4;1;5;10;;;DB Search
813;HD-19773-RA;true;GLGGQK;true;35.60;558.3125;6;-2.1;280.16205;2;24.3745;5602;Lyupina_140_20260131_YL-4.raw;;0;265;270;;;DB Search
145;HD-21905-RA;true;DYWLVK;false;89.53;822.4276;6;3.2;412.22104;2;49.7350;15225;Lyupina_140_20260131_YL-4.raw;1.02E5;6;315;320;;;DB Search
145;HD-21905-RA;true;LPTTVDWR;false;91.31;986.5185;8;0.8;494.26529;2;43.9397;13395;Lyupina_140_20260131_YL-4.raw;3.68E5;6;138;145;;;DB Search
573;HD-14846-RA;false;GIFLAK;true;29.27;647.4006;6;2.5;324.70734;2;41.9892;12714;Lyupina_140_20260131_YL-4.raw;1.43E4;1;179;184;;;DB Search
75;HD-07292-RA;true;SLESYIK;true;94.18;838.4436;7;0.8;420.22806;2;40.2991;12060;Lyupina_140_20260131_YL-4.raw;;3;296;302;;;DB Search
75;HD-07292-RA;true;VVFEAYKK;true;88.20;982.5487;8;2.7;328.52335;3;30.6569;7964;Lyupina_140_20260131_YL-4.raw;;3;209;216;;;DB Search
369;HD-01620-RA;true;TSLGPK;false;84.23;601.3435;6;3.0;301.67896;2;18.0358;3510;Lyupina_140_20260131_YL-4.raw;9.7E3;1;378;383;;;DB Search
631;HD-15135-RA;true;LIFAGK;false;86.44;647.4006;6;3.5;324.70767;2;36.4947;10494;Lyupina_140_20260131_YL-4.raw;2.89E5;7;53;58;;;DB Search
668;HD-08743-RA;true;LLEVVK;false;55.43;699.4530;6;5.6;350.73462;2;40.4135;12093;Lyupina_140_20260131_YL-4.raw;9.56E4;2;409;414;;;DB Search
504;HD-16265-RA;false;GILGGR;true;32.58;571.3442;6;2.0;286.67899;2;25.7522;6117;Lyupina_140_20260131_YL-4.raw;2.02E6;2;192;197;;;DB Search
286;HD-25920-RA;true;LSLLGR;true;43.11;657.4173;6;3.8;329.71613;2;34.6543;9706;Lyupina_140_20260131_YL-4.raw;1.79E4;1;16;21;;;DB Search
573;HD-23540-RA;false;GIFLAK;true;29.27;647.4006;6;2.5;324.70734;2;41.9892;12714;Lyupina_140_20260131_YL-4.raw;1.43E4;1;294;299;;;DB Search
694;HD-09781-RA;true;LSGLVK;true;32.08;615.3955;6;3.6;308.70514;2;18.1527;3552;Lyupina_140_20260131_YL-4.raw;8E3;1;173;178;;;DB Search
187;HD-03781-RA;true;EAFEVER;true;90.30;878.4134;7;3.6;440.21411;2;32.0792;8615;Lyupina_140_20260131_YL-4.raw;3.9E4;4;401;407;;;DB Search
187;HD-03781-RA;true;EATELQESR;true;99.24;1061.4989;9;0.6;531.75531;2;21.8336;4695;Lyupina_140_20260131_YL-4.raw;1.33E4;4;460;468;;;DB Search
187;HD-03781-RA;true;ELFAEK;true;70.51;735.3803;6;5.4;368.69821;2;32.5528;8779;Lyupina_140_20260131_YL-4.raw;2.15E4;2;469;474;;;DB Search
727;HD-22057-RA;true;GGGPVR;true;43.24;541.2972;6;0.8;271.65521;2;19.2748;3907;Lyupina_140_20260131_YL-4.raw;;0;803;808;;;DB Search
94;HD-11782-RA;true;EFITAK;true;33.74;707.3854;6;1.3;354.69928;2;25.0664;5846;Lyupina_140_20260131_YL-4.raw;9.23E3;1;875;880;;;DB Search
200;HD-21906-RA;true;DYWLVK;false;89.53;822.4276;6;3.2;412.22104;2;49.7350;15225;Lyupina_140_20260131_YL-4.raw;1.02E5;6;328;333;;;DB Search
200;HD-21906-RA;true;LPTTVDWR;false;91.31;986.5185;8;0.8;494.26529;2;43.9397;13395;Lyupina_140_20260131_YL-4.raw;3.68E5;6;151;158;;;DB Search
820;HD-06319-RA;true;KALGAK;true;43.69;586.3802;6;2.8;294.19724;2;25.1385;5905;Lyupina_140_20260131_YL-4.raw;2.02E3;1;197;202;;;DB Search
286;HD-21438-RA;true;LSLLGR;true;43.11;657.4173;6;3.8;329.71613;2;34.6543;9706;Lyupina_140_20260131_YL-4.raw;1.79E4;1;16;21;;;DB Search
573;HD-25827-RA;true;GIFLAK;true;29.27;647.4006;6;2.5;324.70734;2;41.9892;12714;Lyupina_140_20260131_YL-4.raw;1.43E4;1;302;307;;;DB Search
102;HD-18200-RA;false;ELLEAK;true;40.63;701.3959;6;2.4;351.70493;2;27.2346;6584;Lyupina_140_20260131_YL-4.raw;1.24E4;1;251;256;;;DB Search
295;HD-11224-RA;true;VTLGPK;false;91.63;613.3799;6;2.0;307.69684;2;24.0026;5459;Lyupina_140_20260131_YL-4.raw;2.21E4;6;29;34;;;DB Search
286;HD-07487-RA;false;LSLLGR;true;43.11;657.4173;6;3.8;329.71613;2;34.6543;9706;Lyupina_140_20260131_YL-4.raw;1.79E4;1;78;83;;;DB Search
138;HD-14639-RA;true;VVEVLK;false;29.65;685.4374;6;3.7;343.72614;2;30.2719;7817;Lyupina_140_20260131_YL-4.raw;1.13E4;1;143;148;;;DB Search
124;HD-23163-RA;true;GGIFIK;true;39.66;633.3850;6;2.2;317.69943;2;25.1466;5868;Lyupina_140_20260131_YL-4.raw;1.63E4;1;1386;1391;;;DB Search
124;HD-23163-RA;true;SLN(+0.98)EIK;true;30.77;703.3752;6;3.9;352.69510;2;29.9180;7695;Lyupina_140_20260131_YL-4.raw;8.04E3;2;794;799;Deamidation (NQ);N3:Deamidation (NQ):1000.00;DB Search
124;HD-23163-RA;true;SLNEIK;true;41.65;702.3912;6;3.8;352.20306;2;29.9952;7712;Lyupina_140_20260131_YL-4.raw;1.18E4;1;794;799;;;DB Search
124;HD-23163-RA;true;LIFAGK;false;86.44;647.4006;6;3.5;324.70767;2;36.4947;10494;Lyupina_140_20260131_YL-4.raw;2.89E5;7;120;125;;;DB Search
124;HD-23163-RA;true;TSLGPK;false;84.23;601.3435;6;3.0;301.67896;2;18.0358;3510;Lyupina_140_20260131_YL-4.raw;9.7E3;1;878;883;;;DB Search
101;HD-11412-RA;true;ERITAK;false;32.30;716.4181;6;1.6;359.21570;2;26.6616;6412;Lyupina_140_20260131_YL-4.raw;8.01E3;1;533;538;;;DB Search
504;HD-15460-RA;false;GILGGR;true;32.58;571.3442;6;2.0;286.67899;2;25.7522;6117;Lyupina_140_20260131_YL-4.raw;2.02E6;2;101;106;;;DB Search
332;HD-10748-RA;true;LGEWVGLC(+57.02)K;true;96.69;1060.5375;9;3.4;531.27612;2;47.6751;14609;Lyupina_140_20260131_YL-4.raw;1.35E4;3;92;100;Carbamidomethylation;;DB Search
323;HD-10059-RA;true;ADPRPQLAAAR;true;71.43;1164.6363;11;3.1;389.21930;3;25.7588;6082;Lyupina_140_20260131_YL-4.raw;1.42E4;1;339;349;;;DB Search
323;HD-10059-RA;true;EALSQPEIK;true;96.15;1013.5393;9;-0.1;507.77521;2;31.3270;8322;Lyupina_140_20260131_YL-4.raw;1.72E4;1;464;472;;;DB Search
323;HD-10059-RA;true;LDDSILDIIK;false;94.47;1143.6387;10;-0.5;572.82446;2;62.5920;18833;Lyupina_140_20260131_YL-4.raw;4.85E4;2;329;338;;;DB Search
9;HD-20845-RA;true;STGADSVLK;true;68.36;876.4552;9;1.4;439.23407;2;26.1517;6207;Lyupina_140_20260131_YL-4.raw;4.17E4;6;124;132;;;DB Search
422;HD-22234-RA;false;LTVLDR;false;28.40;715.4228;6;1.7;358.71814;2;20.3494;4248;Lyupina_140_20260131_YL-4.raw;2.25E3;1;104;109;;;DB Search
165;HD-04809-RA;true;LLFAGK;false;86.44;647.4006;6;3.5;324.70767;2;36.4947;10494;Lyupina_140_20260131_YL-4.raw;2.89E5;7;1099;1104;;;DB Search
972;HD-00946-RA;true;VC(+57.02)SDVLR;true;40.65;847.4222;7;-0.7;424.71667;2;27.7635;6828;Lyupina_140_20260131_YL-4.raw;;0;53;59;Carbamidomethylation;;DB Search
5;HD-17451-RA;true;AGIIDPVKVVR;false;93.25;1165.7182;11;2.0;389.57953;3;41.4952;12548;Lyupina_140_20260131_YL-4.raw;;0;519;529;;;DB Search
5;HD-17451-RA;true;AGVEPSIVVSK;false;44.71;1084.6128;11;3.8;543.31396;2;36.9267;10710;Lyupina_140_20260131_YL-4.raw;1.13E4;1;485;495;;;DB Search
5;HD-17451-RA;true;FGSEAR;false;94.04;665.3133;6;2.5;333.66367;2;17.1726;3133;Lyupina_140_20260131_YL-4.raw;2.3E6;4;34;39;;;DB Search
5;HD-17451-RA;true;FINSPK;false;83.27;704.3857;6;2.1;353.19971;2;23.3370;5338;Lyupina_140_20260131_YL-4.raw;1.69E6;3;230;235;;;DB Search
5;HD-17451-RA;true;FQN(+0.98)IGAR;false;78.91;805.4082;7;2.8;403.71121;2;28.1762;6942;Lyupina_140_20260131_YL-4.raw;9.92E3;2;92;98;Deamidation (NQ);N3:Deamidation (NQ):17.01;DB Search
5;HD-17451-RA;true;GIIDPVK;false;82.88;740.4432;7;0.5;741.44843;1;36.2011;10353;Lyupina_140_20260131_YL-4.raw;1.57E4;1;520;526;;;DB Search
5;HD-17451-RA;true;RIDQIK;false;65.28;771.4603;6;2.4;386.73709;2;18.6023;3747;Lyupina_140_20260131_YL-4.raw;1.72E6;3;372;377;;;DB Search
5;HD-17451-RA;true;VNVVSQHLK;false;99.25;1022.5873;9;-0.7;512.29889;2;29.0315;7311;Lyupina_140_20260131_YL-4.raw;2.52E4;3;150;158;;;DB Search
5;HD-17451-RA;true;VTDLGR;false;81.69;659.3602;6;3.0;330.68729;2;19.8976;4057;Lyupina_140_20260131_YL-4.raw;3.41E6;5;341;346;;;DB Search
5;HD-17451-RA;true;VTLGPK;false;91.63;613.3799;6;2.0;307.69684;2;24.0026;5459;Lyupina_140_20260131_YL-4.raw;2.21E4;6;55;60;;;DB Search
870;HD-18896-RA;true;LSGLEK;true;33.09;645.3697;6;3.2;323.69211;2;26.0988;6148;Lyupina_140_20260131_YL-4.raw;4.22E4;1;315;320;;;DB Search
637;HD-25836-RA;false;TVEDLK;true;30.85;703.3752;6;2.3;352.69455;2;25.7442;6015;Lyupina_140_20260131_YL-4.raw;5.43E5;2;258;263;;;DB Search
767;HD-23207-RA;true;INGGIR;true;40.17;628.3656;6;3.7;315.19022;2;18.3362;3571;Lyupina_140_20260131_YL-4.raw;4.56E4;3;192;197;;;DB Search
589;HD-13177-RA;true;LESSSK;true;49.32;649.3283;6;4.6;325.67184;2;28.8592;7249;Lyupina_140_20260131_YL-4.raw;;1;579;584;;;DB Search
637;HD-04995-RA;false;TVEDLK;true;30.85;703.3752;6;2.3;352.69455;2;25.7442;6015;Lyupina_140_20260131_YL-4.raw;5.43E5;2;3;8;;;DB Search
137;HD-00407-RA;true;VLITDK;false;77.78;687.4167;6;1.3;344.71494;2;27.0160;6517;Lyupina_140_20260131_YL-4.raw;1.92E4;7;8;13;;;DB Search
114;HD-17432-RA;true;EVAGAM(+15.99)IPGIEK;true;96.45;1229.6325;12;2.7;615.82318;2;40.8232;12248;Lyupina_140_20260131_YL-4.raw;;1;63;74;Oxidation (M);M6:Oxidation (M):1000.00;DB Search
172;HD-07241-RA;true;ALC(+57.02)TGEK;true;79.10;777.3691;7;3.4;389.69186;2;16.5623;2991;Lyupina_140_20260131_YL-4.raw;8.16E4;6;61;67;Carbamidomethylation;;DB Search
172;HD-07241-RA;true;SIYGEK;false;74.05;695.3490;6;2.7;696.35590;1;22.0958;4836;Lyupina_140_20260131_YL-4.raw;2.91E5;6;100;105;;;DB Search
603;HD-07298-RA;false;LATALK;true;30.96;615.3955;6;1.3;308.70444;2;27.6837;6747;Lyupina_140_20260131_YL-4.raw;2.37E4;1;365;370;;;DB Search
229;HD-27576-RA;false;TITLEVEPSDTIENVK;true;95.90;1786.9200;16;-2.9;894.46179;2;49.9275;15359;Lyupina_140_20260131_YL-4.raw;5.03E4;6;189;204;;;DB Search
229;HD-27576-RA;false;LIFAGK;false;86.44;647.4006;6;3.5;324.70767;2;36.4947;10494;Lyupina_140_20260131_YL-4.raw;2.89E5;7;124;129;;;DB Search
26;HD-08329-RA;false;DLLDKK;true;35.48;730.4225;6;2.2;366.21811;2;21.7604;4689;Lyupina_140_20260131_YL-4.raw;9.63E3;1;310;315;;;DB Search
433;HD-03082-RA;true;TLIQNSGGNPIR;true;48.22;1268.6837;12;0.2;635.34717;2;34.7910;9760;Lyupina_140_20260131_YL-4.raw;;1;443;454;;;DB Search
779;HD-00646-RA;true;PSM(+15.99)AAIAK;true;28.30;803.4211;8;-0.2;402.71643;2;40.1538;11995;Lyupina_140_20260131_YL-4.raw;;0;809;816;Oxidation (M);M3:Oxidation (M):1000.00;DB Search
124;HD-16020-RA;false;SLN(+0.98)EIK;true;30.77;703.3752;6;3.9;352.69510;2;29.9180;7695;Lyupina_140_20260131_YL-4.raw;8.04E3;2;1251;1256;Deamidation (NQ);N3:Deamidation (NQ):1000.00;DB Search
124;HD-16020-RA;false;SLNEIK;true;41.65;702.3912;6;3.8;352.20306;2;29.9952;7712;Lyupina_140_20260131_YL-4.raw;1.18E4;1;1251;1256;;;DB Search
312;HD-08753-RA;true;DIQLAR;true;53.49;714.4024;6;2.9;358.20834;2;30.5641;7879;Lyupina_140_20260131_YL-4.raw;2.1E4;2;124;129;;;DB Search
312;HD-08753-RA;true;EIAQDFK;true;78.07;849.4232;7;3.6;425.71902;2;30.4279;7856;Lyupina_140_20260131_YL-4.raw;2.1E4;4;74;80;;;DB Search
312;HD-08753-RA;true;STELLIR;true;82.70;830.4861;7;2.4;416.24997;2;39.0836;11558;Lyupina_140_20260131_YL-4.raw;3.19E4;5;58;64;;;DB Search
312;HD-08753-RA;true;YRPGTVALR;true;92.56;1031.5876;9;2.3;344.86948;3;29.0677;7306;Lyupina_140_20260131_YL-4.raw;2.25E4;5;42;50;;;DB Search
489;HD-18910-RA;true;YGLAGSTPVENAK;true;90.04;1305.6564;13;3.1;653.83539;2;34.2862;9534;Lyupina_140_20260131_YL-4.raw;9.34E3;5;76;88;;;DB Search
315;HD-02085-RA;true;IAAVTPASGQAGTVVR;true;93.95;1496.8310;16;5.7;749.42462;2;34.5332;9636;Lyupina_140_20260131_YL-4.raw;;0;524;539;;;DB Search
315;HD-02085-RA;true;LPLAVSETSR;true;44.79;1071.5924;10;4.1;536.80389;2;37.0282;10755;Lyupina_140_20260131_YL-4.raw;1.3E4;1;183;192;;;DB Search
315;HD-02085-RA;true;VLAVQAPR;true;92.09;852.5181;8;1.8;427.26572;2;31.8666;8517;Lyupina_140_20260131_YL-4.raw;;0;175;182;;;DB Search
315;HD-02085-RA;true;VPQAPVGAASLR;true;99.62;1164.6615;12;3.1;583.33789;2;36.7943;10662;Lyupina_140_20260131_YL-4.raw;7.74E3;1;576;587;;;DB Search
708;HD-03642-RA;true;LGQLAK;true;34.70;628.3908;6;3.3;315.20267;2;18.4693;3632;Lyupina_140_20260131_YL-4.raw;3.12E4;1;940;945;;;DB Search
2;HD-06358-RA;true;TSLAFYFDR;true;46.34;1118.5396;9;2.7;560.27679;2;55.6062;17080;Lyupina_140_20260131_YL-4.raw;;1;32;40;;;DB Search
2;HD-06358-RA;true;AALQLEK;false;65.32;771.4490;7;3.6;386.73190;2;30.3806;7849;Lyupina_140_20260131_YL-4.raw;6.59E5;3;99;105;;;DB Search
2;HD-06358-RA;true;AEAM(+15.99)QAALQLEK;false;99.39;1317.6598;12;4.9;659.83826;2;35.6203;10120;Lyupina_140_20260131_YL-4.raw;;2;94;105;Oxidation (M);M4:Oxidation (M):1000.00;DB Search
2;HD-06358-RA;true;AFQNER;false;95.08;763.3613;6;2.9;382.68777;2;17.7340;3340;Lyupina_140_20260131_YL-4.raw;7.42E5;3;68;73;;;DB Search
2;HD-06358-RA;true;ALLDM(+15.99)HK;false;41.02;842.4320;7;2.8;422.22308;2;32.8344;8919;Lyupina_140_20260131_YL-4.raw;;0;110;116;Oxidation (M);M5:Oxidation (M):1000.00;DB Search
2;HD-06358-RA;true;ALLDMHK;false;84.80;826.4371;7;1.6;414.22513;2;31.9585;8538;Lyupina_140_20260131_YL-4.raw;1.69E4;2;110;116;;;DB Search
2;HD-06358-RA;true;ALQLEK;false;73.86;700.4119;6;0.7;351.21234;2;28.2841;7007;Lyupina_140_20260131_YL-4.raw;3.23E6;4;100;105;;;DB Search
2;HD-06358-RA;true;AMQAALQLEK;false;96.16;1101.5852;10;3.5;551.79999;2;39.2409;11667;Lyupina_140_20260131_YL-4.raw;2.34E4;2;96;105;;;DB Search
2;HD-06358-RA;true;AQMC(+57.02)DFIEAN(+0.98)YLTEQTQAIK;false;64.09;2374.0821;20;4.2;792.36871;3;59.0224;18078;Lyupina_140_20260131_YL-4.raw;4.56E3;1;124;143;Carbamidomethylation:Deamidation (NQ);C4:Deamidation (NQ):8.28;DB Search
2;HD-06358-RA;true;D(+42.01)VN(+0.98)Q(+0.98)ALLDMHK;false;41.06;1326.6125;11;-9.0;664.30542;2;41.0469;12343;Lyupina_140_20260131_YL-4.raw;;0;106;116;Acetylation (N-term):Deamidation (NQ):Deamidation (NQ);D1:Acetylation (N-term):1000.00:N3:Deamidation (NQ):1000.00:Q4:Deamidation (NQ):1000.00;DB Search
2;HD-06358-RA;true;DEWGSGAEAM(+15.99);false;92.70;1067.3866;10;1.4;534.69958;2;33.3842;9219;Lyupina_140_20260131_YL-4.raw;1.01E6;5;88;97;Oxidation (M);M10:Oxidation (M):1000.00;DB Search
2;HD-06358-RA;true;DRDDIAMSGFK;false;46.57;1253.5710;11;4.3;418.86472;3;38.3158;11273;Lyupina_140_20260131_YL-4.raw;9.1E3;1;39;49;;;DB Search
2;HD-06358-RA;true;DVN(+0.98)QALLDMH;false;99.91;1155.5230;10;0.9;578.76740;2;50.0906;15381;Lyupina_140_20260131_YL-4.raw;;2;106;115;Deamidation (NQ);N3:Deamidation (NQ):0.00;DB Search
2;HD-06358-RA;true;E(+14.02)N(+0.98)YHEESEAAVNK;false;32.19;1533.6583;13;-8.5;512.22070;3;21.4560;4594;Lyupina_140_20260131_YL-4.raw;;0;7;19;Methylation(Protein N-term):Deamidation (NQ);E1:Deamidation (NQ):43.70;PEAKS PTM
2;HD-06358-RA;true;EESEAAVNK;false;84.35;975.4509;9;2.2;488.73221;2;15.3770;2697;Lyupina_140_20260131_YL-4.raw;3.96E4;3;11;19;;;DB Search
2;HD-06358-RA;true;EEYDHAK;false;94.54;890.3770;7;4.1;446.19614;2;17.1307;3179;Lyupina_140_20260131_YL-4.raw;6.4E4;1;58;64;;;DB Search
2;HD-06358-RA;true;EEYDHAKK;false;53.51;1018.4719;8;2.9;510.24304;2;14.7757;2544;Lyupina_140_20260131_YL-4.raw;;0;58;65;;;DB Search
2;HD-06358-RA;true;EKDVNQALLDMHK;false;97.14;1539.7715;13;3.8;514.26471;3;35.4873;10014;Lyupina_140_20260131_YL-4.raw;2.72E4;2;104;116;;;DB Search
2;HD-06358-RA;true;EN(+0.98)YHEESEAAVN(+0.98)K;false;93.72;1520.6267;13;-0.6;507.88089;3;24.5557;5672;Lyupina_140_20260131_YL-4.raw;2.34E4;5;7;19;Deamidation (NQ):Deamidation (NQ);N2:Deamidation (NQ):1000.00:N12:Deamidation (NQ):1000.00;DB Search
2;HD-06358-RA;true;EYDHAKK;false;31.85;889.4294;7;3.9;445.72223;2;14.7567;2533;Lyupina_140_20260131_YL-4.raw;;0;59;65;;;DB Search
2;HD-06358-RA;true;F(+42.01)M(+15.99)AFQNER;false;88.73;1099.4757;8;-0.1;550.74329;2;42.3034;12841;Lyupina_140_20260131_YL-4.raw;1.65E4;3;66;73;Acetylation (N-term):Oxidation (M);F1:Acetylation (N-term):1000.00:M2:Oxidation (M):1000.00;DB Search
2;HD-06358-RA;true;FDRDDIAM(+15.99)SGFK;false;95.40;1416.6343;12;2.1;473.21817;3;37.3509;10874;Lyupina_140_20260131_YL-4.raw;4E4;2;38;49;Oxidation (M);M8:Oxidation (M):1000.00;DB Search
2;HD-06358-RA;true;FDRDDIAMSGFK;false;74.09;1400.6394;12;1.4;467.88620;3;43.5545;13293;Lyupina_140_20260131_YL-4.raw;7.72E4;2;38;49;;;DB Search
2;HD-06358-RA;true;FM(+15.99)AFQN(+0.98)ER;false;97.32;1058.4491;8;3.7;530.23206;2;35.3022;9658;Lyupina_140_20260131_YL-4.raw;5.32E6;10;66;73;Oxidation (M):Deamidation (NQ);M2:Deamidation (NQ):14.02;DB Search
2;HD-06358-RA;true;GDYVTQLKK;false;93.85;1050.5709;9;2.9;526.29254;2;39.1519;11589;Lyupina_140_20260131_YL-4.raw;1.08E6;5;146;154;;;DB Search
2;HD-06358-RA;true;IAM(+15.99)SGFK;false;95.55;768.3840;7;1.6;385.19864;2;24.0026;5492;Lyupina_140_20260131_YL-4.raw;4.33E4;1;43;49;Oxidation (M);M3:Oxidation (M):1000.00;DB Search
2;HD-06358-RA;true;IAMSGFK;false;89.78;752.3891;7;3.3;377.20181;2;35.9240;10223;Lyupina_140_20260131_YL-4.raw;1.72E5;4;43;49;;;DB Search
2;HD-06358-RA;true;IVLQ(+0.98)DVK;false;71.71;814.4800;7;2.8;408.24710;2;35.9815;10211;Lyupina_140_20260131_YL-4.raw;1.48E7;4;77;83;Deamidation (NQ);Q4:Deamidation (NQ):1000.00;DB Search
2;HD-06358-RA;true;K(+42.01)FMAFQNER;false;92.89;1211.5757;9;-0.2;606.79303;2;44.0789;13468;Lyupina_140_20260131_YL-4.raw;1.63E4;7;65;73;Acetylation (N-term);K1:Acetylation (N-term):1000.00;DB Search
2;HD-06358-RA;true;KDVNQALLDM(+15.99)HK;false;55.20;1426.7238;12;-0.5;476.58008;3;26.4442;6332;Lyupina_140_20260131_YL-4.raw;1.95E4;2;105;116;Oxidation (M);M10:Oxidation (M):1000.00;DB Search
2;HD-06358-RA;true;KFM(+15.99)AFQN(+0.98)ER;false;96.54;1186.5441;9;1.1;594.27802;2;30.2948;7903;Lyupina_140_20260131_YL-4.raw;1.78E6;5;65;73;Oxidation (M):Deamidation (NQ);M3:Deamidation (NQ):14.02;DB Search
2;HD-06358-RA;true;KVGTGHGEWH;false;56.88;1106.5257;10;2.5;369.84888;3;18.2108;3528;Lyupina_140_20260131_YL-4.raw;3.79E4;2;154;163;;;DB Search
2;HD-06358-RA;true;LLDMHK;false;64.11;755.4000;6;2.2;378.70688;2;25.8580;6089;Lyupina_140_20260131_YL-4.raw;2.43E4;3;111;116;;;DB Search
2;HD-06358-RA;true;M(+15.99)AFQNER;false;64.78;910.3967;7;2.3;456.20517;2;20.5151;4265;Lyupina_140_20260131_YL-4.raw;2.18E5;3;67;73;Oxidation (M);M1:Oxidation (M):1000.00;DB Search
2;HD-06358-RA;true;M(+15.99)QAALQLEK;false;74.13;1046.5430;9;4.0;524.27917;2;32.3218;8689;Lyupina_140_20260131_YL-4.raw;2.63E4;2;97;105;Oxidation (M);M1:Oxidation (M):1000.00;DB Search
2;HD-06358-RA;true;MAFQNER;false;96.83;894.4018;7;0.5;448.20691;2;27.6967;6742;Lyupina_140_20260131_YL-4.raw;8.6E5;4;67;73;;;DB Search
2;HD-06358-RA;true;MQAALQLEK;false;96.38;1030.5481;9;3.2;516.28131;2;37.4162;10914;Lyupina_140_20260131_YL-4.raw;;1;97;105;;;DB Search
2;HD-06358-RA;true;N(+0.98)QALLDMHK;false;60.59;1069.5226;9;0.2;535.76697;2;42.1533;12757;Lyupina_140_20260131_YL-4.raw;2.2E5;4;108;116;Deamidation (NQ);N1:Deamidation (NQ):0.00;DB Search
2;HD-06358-RA;true;Q(+0.98)LGDYVTQ(+0.98)LK;false;95.96;1165.5867;10;0.0;583.79871;2;47.0832;14424;Lyupina_140_20260131_YL-4.raw;4.67E4;3;144;153;Deamidation (NQ):Deamidation (NQ);Q1:Deamidation (NQ):1000.00:Q8:Deamidation (NQ):1000.00;DB Search
2;HD-06358-RA;true;QALLDM(+15.99)HK;false;95.83;970.4906;8;3.3;486.25259;2;32.8447;8908;Lyupina_140_20260131_YL-4.raw;2.61E5;4;109;116;Oxidation (M);M6:Oxidation (M):1000.00;DB Search
2;HD-06358-RA;true;QINM(+15.99)ELYAFY;false;48.71;1306.5904;10;0.1;654.30042;2;61.1999;18504;Lyupina_140_20260131_YL-4.raw;1.65E5;1;20;29;Oxidation (M);M4:Oxidation (M):1000.00;DB Search
2;HD-06358-RA;true;TGHGEWHFQK;false;98.41;1225.5628;10;1.3;613.78748;2;30.6792;7974;Lyupina_140_20260131_YL-4.raw;4.57E5;3;157;166;;;DB Search
2;HD-06358-RA;true;VNQALLDM(+15.99)HK;false;92.69;1183.6019;10;3.7;592.80847;2;32.9081;8948;Lyupina_140_20260131_YL-4.raw;;2;107;116;Oxidation (M);M8:Oxidation (M):1000.00;DB Search
2;HD-06358-RA;true;YDHAKK;false;41.20;760.3868;6;3.6;381.20078;2;14.7130;2514;Lyupina_140_20260131_YL-4.raw;4.53E5;2;60;65;;;DB Search
2;HD-06358-RA;true;YFDRDDIAM(+15.99)SGFK;false;99.05;1579.6977;13;1.3;527.57214;3;41.5026;12552;Lyupina_140_20260131_YL-4.raw;3.04E5;4;37;49;Oxidation (M);M9:Oxidation (M):1000.00;DB Search
2;HD-06358-RA;true;YLTEQTQ(+0.98)AIK;false;96.11;1194.6132;10;2.8;598.31360;2;33.2838;9065;Lyupina_140_20260131_YL-4.raw;4.88E5;3;134;143;Deamidation (NQ);Q7:Deamidation (NQ):32.28;DB Search
2;HD-06358-RA;true;YVTQLKK;false;95.26;878.5225;7;2.4;440.26816;2;20.4814;4294;Lyupina_140_20260131_YL-4.raw;1.12E4;5;148;154;;;DB Search
422;HD-25819-RA;false;LTVLDR;false;28.40;715.4228;6;1.7;358.71814;2;20.3494;4248;Lyupina_140_20260131_YL-4.raw;2.25E3;1;130;135;;;DB Search
4;HD-10020-RA;true;G(+42.01)DEDVAALVVDNGSGMC(+57.02)K(+14.02);true;30.98;1891.8291;18;-3.3;946.91565;2;57.0951;17448;Lyupina_140_20260131_YL-4.raw;2.15E4;2;2;19;Acetylation (N-term):Carbamidomethylation:Methylation(KR);G1:Acetylation (N-term):1000.00:C17:Methylation(KR):1000.00;PEAKS PTM
4;HD-10020-RA;true;C(+57.02)DVDIRK;false;81.62;904.4436;7;1.6;453.22833;2;20.2180;4225;Lyupina_140_20260131_YL-4.raw;1.05E4;9;286;292;Carbamidomethylation;;DB Search
4;HD-10020-RA;true;RGILTLK;false;64.24;799.5279;7;4.1;400.77158;2;34.1608;9455;Lyupina_140_20260131_YL-4.raw;1.4E5;4;63;69;;;DB Search
495;HD-10925-RA;true;VLVAER;true;45.62;685.4122;6;1.5;343.71280;2;24.4606;5599;Lyupina_140_20260131_YL-4.raw;3.49E4;1;163;168;;;DB Search
678;HD-12710-RA;false;IEDVTR;true;29.07;731.3813;6;1.2;366.69717;2;25.7522;6079;Lyupina_140_20260131_YL-4.raw;1.38E4;1;856;861;;;DB Search
884;HD-03152-RA;true;GVVLSPAEADAK;true;92.70;1155.6135;12;3.5;578.81415;2;34.4892;9628;Lyupina_140_20260131_YL-4.raw;1.13E4;1;24;35;;;DB Search
48;HD-08424-RA;false;AVVLIK;true;67.70;641.4476;6;6.1;321.73196;2;34.8813;9796;Lyupina_140_20260131_YL-4.raw;1.11E4;1;41;46;;;DB Search
748;HD-05818-RA;true;GLATLR;true;60.58;629.3860;6;2.4;315.70001;2;21.6589;4620;Lyupina_140_20260131_YL-4.raw;2.69E4;3;473;478;;;DB Search
104;HD-14811-RA;true;AVADGNWPR;true;91.54;984.4777;9;3.8;493.24640;2;34.3566;9496;Lyupina_140_20260131_YL-4.raw;1.81E5;3;604;612;;;DB Search
104;HD-14811-RA;true;GDPVLLR;true;94.08;768.4494;7;3.1;385.23190;2;35.9770;10378;Lyupina_140_20260131_YL-4.raw;3.04E5;2;406;412;;;DB Search
104;HD-14811-RA;true;HATEVSYSYFK;true;97.25;1330.6193;11;2.0;666.31610;2;38.0552;11131;Lyupina_140_20260131_YL-4.raw;1.9E5;3;462;472;;;DB Search
33;HD-08801-RA;true;TAFQLAK;true;97.32;777.4385;7;4.7;389.72705;2;34.8813;9792;Lyupina_140_20260131_YL-4.raw;1.45E4;4;451;457;;;DB Search
745;HD-27976-RA;true;VLLNGK;true;33.24;642.4064;6;2.9;322.21039;2;24.8370;5782;Lyupina_140_20260131_YL-4.raw;1.77E4;1;216;221;;;DB Search
640;HD-05148-RA;false;GPAPSR;true;59.82;583.3078;6;3.5;292.66122;2;19.6581;4052;Lyupina_140_20260131_YL-4.raw;;0;875;880;;;DB Search
907;HD-07425-RA;true;TDTVGNVK;true;29.48;832.4290;8;-7.5;417.21732;2;22.3903;4933;Lyupina_140_20260131_YL-4.raw;7.9E3;1;500;507;;;DB Search
81;HD-02039-RA;false;LENNLK;true;32.45;729.4021;6;3.2;365.70828;2;18.7489;3728;Lyupina_140_20260131_YL-4.raw;1.49E4;1;954;959;;;DB Search
207;HD-19872-RA;true;LIFAGK;false;86.44;647.4006;6;3.5;324.70767;2;36.4947;10494;Lyupina_140_20260131_YL-4.raw;2.89E5;7;478;483;;;DB Search
819;HD-18809-RA;true;LQMEFMN(+0.98)R;true;42.28;1068.4732;8;1.4;535.24292;2;48.0400;14700;Lyupina_140_20260131_YL-4.raw;3.35E4;1;38;45;Deamidation (NQ);N7:Deamidation (NQ):45.16;DB Search
97;HD-12481-RA;true;FTEISK;true;46.89;723.3803;6;2.3;362.69708;2;24.6053;5659;Lyupina_140_20260131_YL-4.raw;9.39E4;4;167;172;;;DB Search
97;HD-12481-RA;true;GWNVER;true;83.81;759.3664;6;2.1;380.69003;2;31.1363;8183;Lyupina_140_20260131_YL-4.raw;4.25E4;3;213;218;;;DB Search
682;HD-01991-RA;true;LPQLSR;true;40.77;712.4232;6;-1.7;357.21707;2;29.4270;7470;Lyupina_140_20260131_YL-4.raw;;0;485;490;;;DB Search
603;HD-00635-RA;true;IATALK;true;30.96;615.3955;6;1.3;308.70444;2;27.6837;6747;Lyupina_140_20260131_YL-4.raw;2.37E4;1;167;172;;;DB Search
286;HD-15610-RA;false;LSLIGR;true;43.11;657.4173;6;3.8;329.71613;2;34.6543;9706;Lyupina_140_20260131_YL-4.raw;1.79E4;1;173;178;;;DB Search
637;HD-21694-RA;false;TVEDLK;true;30.85;703.3752;6;2.3;352.69455;2;25.7442;6015;Lyupina_140_20260131_YL-4.raw;5.43E5;2;178;183;;;DB Search
422;HD-01624-RA;false;LTVLDR;false;28.40;715.4228;6;1.7;358.71814;2;20.3494;4248;Lyupina_140_20260131_YL-4.raw;2.25E3;1;130;135;;;DB Search
960;HD-16727-RA;true;LLSEAR;true;43.48;687.3915;6;2.4;344.70273;2;22.8942;5110;Lyupina_140_20260131_YL-4.raw;2.03E4;1;230;235;;;DB Search
10;HD-02436-RA;true;N(+0.98)GISEC(+57.02)PEM(+15.99)FK;true;62.24;1327.5424;11;2.0;664.77765;2;38.5229;11327;Lyupina_140_20260131_YL-4.raw;3.81E4;1;1873;1883;Deamidation (NQ):Carbamidomethylation:Oxidation (M);N1:Deamidation (NQ):1000.00:C6:Oxidation (M):1000.00;DB Search
10;HD-02436-RA;true;PTVSFDR;true;44.49;820.4079;7;5.5;411.21213;2;32.3565;8695;Lyupina_140_20260131_YL-4.raw;4.56E4;3;1165;1171;;;DB Search
10;HD-02436-RA;true;SGPFVEPFR;true;81.43;1034.5185;9;0.2;518.26495;2;47.9049;14676;Lyupina_140_20260131_YL-4.raw;2.15E4;2;1435;1443;;;DB Search
10;HD-02436-RA;true;VQADNDFQEDQSVR;true;87.09;1649.7281;14;-1.8;825.86719;2;31.7396;8466;Lyupina_140_20260131_YL-4.raw;9.1E3;1;559;572;;;DB Search
10;HD-02436-RA;true;VIITDK;false;77.78;687.4167;6;1.3;344.71494;2;27.0160;6517;Lyupina_140_20260131_YL-4.raw;1.92E4;7;2870;2875;;;DB Search
32;HD-17431-RA;true;YEIEN(+0.98)NK;true;53.62;909.4080;7;0.7;455.71008;2;22.7842;5063;Lyupina_140_20260131_YL-4.raw;1.78E4;2;186;192;Deamidation (NQ);N5:Deamidation (NQ):17.01;DB Search
32;HD-17431-RA;true;LAEQAER;false;93.24;815.4137;7;3.2;408.71408;2;16.4516;2956;Lyupina_140_20260131_YL-4.raw;1.31E5;7;12;18;;;DB Search
310;HD-06542-RA;true;YGDSASVQVIR;true;96.83;1193.6040;11;1.8;597.80841;2;35.4455;10016;Lyupina_140_20260131_YL-4.raw;8.42E3;3;184;194;;;DB Search
310;HD-06542-RA;true;YIFGSDDR;true;89.50;971.4348;8;3.8;486.72498;2;38.4474;11290;Lyupina_140_20260131_YL-4.raw;2.31E4;2;110;117;;;DB Search
526;HD-15101-RA;true;LLEVVK;false;55.43;699.4530;6;5.6;350.73462;2;40.4135;12093;Lyupina_140_20260131_YL-4.raw;9.56E4;2;359;364;;;DB Search
893;HD-08686-RA;true;PGELNSR;true;34.26;771.3875;7;1.9;386.70050;2;24.7389;5763;Lyupina_140_20260131_YL-4.raw;8.53E3;1;231;237;;;DB Search
918;HD-06552-RA;true;GPMGGSGMK;true;45.08;820.3571;9;3.1;411.18576;2;20.6798;4356;Lyupina_140_20260131_YL-4.raw;1.78E4;2;62;70;;;DB Search
102;HD-01226-RA;true;ELLEAK;true;40.63;701.3959;6;2.4;351.70493;2;27.2346;6584;Lyupina_140_20260131_YL-4.raw;1.24E4;1;695;700;;;DB Search
102;HD-01226-RA;true;ELYDFLPLNNR;true;88.75;1392.7037;11;-1.7;697.35571;2;59.5784;18197;Lyupina_140_20260131_YL-4.raw;1.5E4;2;275;285;;;DB Search
102;HD-01226-RA;true;GEASFR;true;82.97;665.3133;6;3.5;333.66400;2;20.5906;4335;Lyupina_140_20260131_YL-4.raw;;1;620;625;;;DB Search
102;HD-01226-RA;true;GSSPGEILEEK;true;88.60;1144.5611;11;4.0;573.28827;2;36.6703;10601;Lyupina_140_20260131_YL-4.raw;;1;34;44;;;DB Search
102;HD-01226-RA;true;QALLGGGER;true;96.28;899.4824;9;0.8;450.74741;2;29.1696;7358;Lyupina_140_20260131_YL-4.raw;1.88E4;3;47;55;;;DB Search
102;HD-01226-RA;true;IAVITR;false;90.12;671.4330;6;2.0;336.72333;2;29.1158;7321;Lyupina_140_20260131_YL-4.raw;2.85E4;3;429;434;;;DB Search
699;HD-19920-RA;true;GFPGPK;true;32.43;601.3224;6;6.3;301.66937;2;28.6203;7049;Lyupina_140_20260131_YL-4.raw;1.81E5;1;135;140;;;DB Search
7;HD-04761-RA;true;C(+57.02)DVDIRK;false;81.62;904.4436;7;1.6;453.22833;2;20.2180;4225;Lyupina_140_20260131_YL-4.raw;1.05E4;9;286;292;Carbamidomethylation;;DB Search
7;HD-04761-RA;true;RGILTLK;false;64.24;799.5279;7;4.1;400.77158;2;34.1608;9455;Lyupina_140_20260131_YL-4.raw;1.4E5;4;63;69;;;DB Search
637;HD-14739-RA;false;TVEDLK;true;30.85;703.3752;6;2.3;352.69455;2;25.7442;6015;Lyupina_140_20260131_YL-4.raw;5.43E5;2;304;309;;;DB Search
637;HD-02983-RA;false;TVEDLK;true;30.85;703.3752;6;2.3;352.69455;2;25.7442;6015;Lyupina_140_20260131_YL-4.raw;5.43E5;2;222;227;;;DB Search
49;HD-13963-RA;false;TAQLGR;true;84.75;644.3606;6;3.3;323.18756;2;16.7093;3028;Lyupina_140_20260131_YL-4.raw;1.3E5;3;560;565;;;DB Search
961;HD-19745-RA;true;EFAIAK;true;28.72;677.3748;6;-0.3;678.37964;1;45.8124;14099;Lyupina_140_20260131_YL-4.raw;1.5E4;1;2048;2053;;;DB Search
14;HD-02413-RA;true;DNDEMFVR;false;97.78;1024.4284;8;3.6;513.22162;2;38.6414;11381;Lyupina_140_20260131_YL-4.raw;4.02E4;2;515;522;;;DB Search
637;HD-25770-RA;true;TVEDLK;true;30.85;703.3752;6;2.3;352.69455;2;25.7442;6015;Lyupina_140_20260131_YL-4.raw;5.43E5;2;258;263;;;DB Search
655;HD-06127-RA;true;VDAQSLLEAK;true;31.71;1072.5764;10;0.2;537.29382;2;43.5288;13303;Lyupina_140_20260131_YL-4.raw;1.55E4;1;188;197;;;DB Search
694;HD-02205-RA;true;LSGLVK;true;32.08;615.3955;6;3.6;308.70514;2;18.1527;3552;Lyupina_140_20260131_YL-4.raw;8E3;1;135;140;;;DB Search
939;HD-15590-RA;true;IPLEQIEER;true;90.27;1125.6030;9;1.6;563.80780;2;40.7925;12219;Lyupina_140_20260131_YL-4.raw;4.87E3;1;291;299;;;DB Search
26;HD-08680-RA;false;DLLDKK;true;35.48;730.4225;6;2.2;366.21811;2;21.7604;4689;Lyupina_140_20260131_YL-4.raw;9.63E3;1;279;284;;;DB Search
202;HD-27876-RA;true;LIFAGK;false;86.44;647.4006;6;3.5;324.70767;2;36.4947;10494;Lyupina_140_20260131_YL-4.raw;2.89E5;7;62;67;;;DB Search
295;HD-14565-RA;true;VTLGPK;false;91.63;613.3799;6;2.0;307.69684;2;24.0026;5459;Lyupina_140_20260131_YL-4.raw;2.21E4;6;29;34;;;DB Search
640;HD-05257-RA;true;GPAPSR;true;59.82;583.3078;6;3.5;292.66122;2;19.6581;4052;Lyupina_140_20260131_YL-4.raw;;0;521;526;;;DB Search
727;HD-00297-RA;true;GGGPVR;true;43.24;541.2972;6;0.8;271.65521;2;19.2748;3907;Lyupina_140_20260131_YL-4.raw;;0;253;258;;;DB Search
68;HD-25814-RA;true;DFYEFR;false;95.20;875.3813;6;2.2;438.69748;2;46.5185;14280;Lyupina_140_20260131_YL-4.raw;1.1E4;3;686;691;;;DB Search
68;HD-25814-RA;true;LGSPDR;false;44.69;643.3289;6;3.4;322.67178;2;16.0390;2889;Lyupina_140_20260131_YL-4.raw;3.94E3;1;2331;2336;;;DB Search
68;HD-25814-RA;true;M(+15.99)C(+57.02)FVIVR;false;97.46;939.4670;7;0.5;470.73950;2;42.2532;12867;Lyupina_140_20260131_YL-4.raw;6.62E3;2;1912;1918;Oxidation (M):Carbamidomethylation;M1:Oxidation (M):1000.00;DB Search
68;HD-25814-RA;true;NDDELR;false;86.17;760.3351;6;2.4;381.17450;2;18.2604;3562;Lyupina_140_20260131_YL-4.raw;2.11E4;5;1115;1120;;;DB Search
68;HD-25814-RA;true;VVIAEPR;false;95.25;782.4650;7;2.3;392.23941;2;29.5527;7500;Lyupina_140_20260131_YL-4.raw;8.69E4;3;1905;1911;;;DB Search
74;HD-18628-RA;true;SPNGTIR;false;93.24;743.3926;7;2.7;372.70337;2;16.4124;2964;Lyupina_140_20260131_YL-4.raw;1.89E4;6;144;150;;;DB Search
837;HD-09141-RA;true;LDSEIK;true;37.73;703.3752;6;2.0;352.69443;2;23.0049;5215;Lyupina_140_20260131_YL-4.raw;2.56E6;1;1350;1355;;;DB Search
936;HD-24469-RA;true;DDC(+57.02)SSDQ(+0.98)DM(+15.99)K;true;43.73;1216.3860;10;0.4;305.10291;4;17.0915;3163;Lyupina_140_20260131_YL-4.raw;;0;6;15;Carbamidomethylation:Deamidation (NQ):Oxidation (M);C3:Deamidation (NQ):1000.00:Q7:Oxidation (M):1000.00;DB Search
504;HD-19100-RA;false;GLLGGR;true;32.58;571.3442;6;2.0;286.67899;2;25.7522;6117;Lyupina_140_20260131_YL-4.raw;2.02E6;2;130;135;;;DB Search
312;HD-00716-RA;true;DIQLAR;true;53.49;714.4024;6;2.9;358.20834;2;30.5641;7879;Lyupina_140_20260131_YL-4.raw;2.1E4;2;124;129;;;DB Search
312;HD-00716-RA;true;EIAQDFK;true;78.07;849.4232;7;3.6;425.71902;2;30.4279;7856;Lyupina_140_20260131_YL-4.raw;2.1E4;4;74;80;;;DB Search
312;HD-00716-RA;true;STELLIR;true;82.70;830.4861;7;2.4;416.24997;2;39.0836;11558;Lyupina_140_20260131_YL-4.raw;3.19E4;5;58;64;;;DB Search
312;HD-00716-RA;true;YRPGTVALR;true;92.56;1031.5876;9;2.3;344.86948;3;29.0677;7306;Lyupina_140_20260131_YL-4.raw;2.25E4;5;42;50;;;DB Search
743;HD-00797-RA;true;YIDVFPLNK;true;40.48;1107.5964;9;1.4;554.80444;2;54.2881;16692;Lyupina_140_20260131_YL-4.raw;6.24E3;1;491;499;;;DB Search
940;HD-07938-RA;true;VSVLFK;true;70.17;691.4268;6;4.9;346.72125;2;40.4203;12101;Lyupina_140_20260131_YL-4.raw;5.7E3;2;449;454;;;DB Search
89;HD-19991-RA;true;LAEQAER;false;93.24;815.4137;7;3.2;408.71408;2;16.4516;2956;Lyupina_140_20260131_YL-4.raw;1.31E5;7;54;60;;;DB Search
170;HD-09226-RA;true;VASSYSVR;true;97.11;867.4450;8;2.0;434.72925;2;23.6742;5357;Lyupina_140_20260131_YL-4.raw;3.72E4;6;222;229;;;DB Search
678;HD-05603-RA;false;LEDVTR;true;29.07;731.3813;6;1.2;366.69717;2;25.7522;6079;Lyupina_140_20260131_YL-4.raw;1.38E4;1;578;583;;;DB Search
180;HD-00930-RA;true;IAGLAR;false;62.69;599.3755;6;2.9;300.69489;2;25.4695;5961;Lyupina_140_20260131_YL-4.raw;3.64E4;1;480;485;;;DB Search
62;HD-02914-RA;true;IIISNYNR;true;78.11;991.5451;8;2.4;496.77939;2;34.1608;9461;Lyupina_140_20260131_YL-4.raw;5.47E4;6;476;483;;;DB Search
62;HD-02914-RA;true;QAFISK;true;71.05;692.3857;6;3.5;347.20020;2;25.8422;6094;Lyupina_140_20260131_YL-4.raw;2.39E4;4;149;154;;;DB Search
62;HD-02914-RA;true;SEDEILK;true;79.05;832.4178;7;2.4;417.21579;2;29.2567;7369;Lyupina_140_20260131_YL-4.raw;3.3E4;5;592;598;;;DB Search
340;HD-02065-RA;true;EAYTIATK;true;94.69;895.4651;8;-0.5;448.73813;2;28.3103;7027;Lyupina_140_20260131_YL-4.raw;1.7E4;3;91;98;;;DB Search
340;HD-02065-RA;true;EFFEPLPVK;true;96.86;1104.5855;9;-0.1;553.29816;2;53.4321;16435;Lyupina_140_20260131_YL-4.raw;1.95E4;2;323;331;;;DB Search
340;HD-02065-RA;true;SADQIDTVLSYSR;true;99.38;1453.7049;13;-0.3;727.85712;2;48.8071;15020;Lyupina_140_20260131_YL-4.raw;1.36E4;4;193;205;;;DB Search
340;HD-02065-RA;true;VIPGFHVAER;true;93.27;1123.6138;10;4.8;375.54578;3;38.4064;11281;Lyupina_140_20260131_YL-4.raw;1.62E4;2;4;13;;;DB Search
340;HD-02065-RA;true;YELEPTK;true;91.00;878.4385;7;4.0;440.22687;2;29.8069;7609;Lyupina_140_20260131_YL-4.raw;1.96E4;2;102;108;;;DB Search
573;HD-19184-RA;false;GIFLAK;true;29.27;647.4006;6;2.5;324.70734;2;41.9892;12714;Lyupina_140_20260131_YL-4.raw;1.43E4;1;120;125;;;DB Search
94;HD-04221-RA;false;EFITAK;true;33.74;707.3854;6;1.3;354.69928;2;25.0664;5846;Lyupina_140_20260131_YL-4.raw;9.23E3;1;313;318;;;DB Search
